Sno,IP,Status,Link,last_analysis_stats,Country,whois_date,Last_Modification_Date,AS_Owner
1,1.248.832.956,,,,,,,
2,103.103..141,,,,,,,
3,103.103..142,,,,,,,
4,104.152.52.,,,,,,,
5,110.243..166,,,,,,,
6,128.31..13,,,,,,,
7,143..245.169,,,,,,,
8,151..142.33,,,,,,,
9,190.220.69.69990,,,,,,,
10,201.250.11.2360,,,,,,,
11,203.130..67,,,,,,,
12,217.160..27,,,,,,,
13,553.87.738.225,,,,,,,
14,692.661.75.75,,,,,,,
15,81..236.93,,,,,,,
16,85.105.215.24120,,,,,,,
17,86.98.25.3053,,,,,,,
18,1.116.59.211,,,,,,,
19,1.14.17.89,,,,,,,
20,1.179.247.182,,,,,,,
21,1.209.249.188,,,,,,,
22,1.23.82.72,,,,,,,
23,1.234.2.232,,,,,,,
24,10.1.1.2,,,,,,,
25,10.1.1.3,,,,,,,
26,101.204.24.28,,,,,,,
27,101.35.154.34,,,,,,,
28,101.71.37.219,,,,,,,
29,101.71.37.47,,,,,,,
30,101.71.38.179,,,,,,,
31,101.71.38.231,,,,,,,
32,102.157.44.105,,,,,,,
33,103.107.198.108,,,,,,,
34,103.107.198.109,,,,,,,
35,103.131.189.143,,,,,,,
36,103.132.242.26,,,,,,,
37,103.178.237.134,,,,,,,
38,103.184.128.180,,,,,,,
39,103.184.128.244,,,,,,,
40,103.200.38.236,,,,,,,
41,103.214.5.13,,,,,,,
42,103.232.137.187,,,,,,,
43,103.4.30.79,,,,,,,
44,103.40.123.34,,,,,,,
45,103.40.172.173,,,,,,,
46,103.40.172.189,,,,,,,
47,103.43.75.120,,,,,,,
48,103.47.195.30,,,,,,,
49,103.65.236.53,,,,,,,
50,103.90.239.209,,,,,,,
51,104.131.11.150,,,,,,,
52,104.131.15.148,,,,,,,
53,104.131.15.152,,,,,,,
54,104.131.15.159,,,,,,,
55,104.131.208.175,,,,,,,
56,104.131.58.132,,,,,,,
57,104.152.52.102,,,,,,,
58,104.152.52.103,,,,,,,
59,104.152.52.104,,,,,,,
60,104.152.52.109,,,,,,,
61,104.152.52.111,,,,,,,
62,104.152.52.143,,,,,,,
63,104.152.52.148,,,,,,,
64,104.152.52.152,,,,,,,
65,104.152.52.160,,,,,,,
66,104.152.52.181,,,,,,,
67,104.152.52.188,,,,,,,
68,104.152.52.192,,,,,,,
69,104.152.52.201,,,,,,,
70,104.152.52.225,,,,,,,
71,104.152.52.238,,,,,,,
72,104.152.52.243,,,,,,,
73,104.152.52.55,,,,,,,
74,104.152.52.96,,,,,,,
75,104.196.162.239,,,,,,,
76,104.200.138.39,,,,,,,
77,104.21.30.141,,,,,,,
78,104.21.62.165,,,,,,,
79,104.236.185.25,,,,,,,
80,104.244.72.115,,,,,,,
81,104.244.72.129,,,,,,,
82,104.244.72.136,,,,,,,
83,104.244.72.7,,,,,,,
84,104.244.73.126,,,,,,,
85,104.244.73.43,,,,,,,
86,104.244.73.85,,,,,,,
87,104.244.73.93,,,,,,,
88,104.244.74.211,,,,,,,
89,104.244.74.55,,,,,,,
90,104.244.74.57,,,,,,,
91,104.244.75.225,,,,,,,
92,104.244.75.74,,,,,,,
93,104.244.76.13,,,,,,,
94,104.244.76.170,,,,,,,
95,104.244.76.173,,,,,,,
96,104.244.76.44,,,,,,,
97,104.244.77.139,,,,,,,
98,104.244.77.235,,,,,,,
99,104.244.78.213,,,,,,,
100,104.244.79.6,,,,,,,
101,104.248.144.120,,,,,,,
102,105.158.118.241,,,,,,,
103,105.69.155.85,,,,,,,
104,107.148.27.117,,,,,,,
105,107.170.39.149,,,,,,,
106,107.189.1.160,,,,,,,
107,107.189.1.178,,,,,,,
108,107.189.10.137,,,,,,,
109,107.189.10.143,,,,,,,
110,107.189.11.153,,,,,,,
111,107.189.12.135,,,,,,,
112,107.189.13.143,,,,,,,
113,107.189.14.182,,,,,,,
114,107.189.14.76,,,,,,,
115,107.189.14.98,,,,,,,
116,107.189.28.100,,,,,,,
117,107.189.28.241,,,,,,,
118,107.189.29.107,,,,,,,
119,107.189.29.41,,,,,,,
120,107.189.3.244,,,,,,,
121,107.189.31.195,,,,,,,
122,107.189.31.241,,,,,,,
123,107.189.8.65,,,,,,,
124,108.61.148.110,,,,,,,
125,109.107.173.72,,,,,,,
126,109.237.96.124,,,,,,,
127,109.70.100.22,,,,,,,
128,109.70.100.23,,,,,,,
129,109.70.100.25,,,,,,,
130,109.70.100.26,,,,,,,
131,109.70.100.27,,,,,,,
132,109.70.100.28,,,,,,,
133,109.70.100.31,,,,,,,
134,109.70.100.34,,,,,,,
135,109.70.100.36,,,,,,,
136,109.70.150.139,,,,,,,
137,109.73.65.32,,,,,,,
138,109.74.204.123,,,,,,,
139,110.232.117.186,,,,,,,
140,110.42.200.96,,,,,,,
141,111.193.180.158,,,,,,,
142,111.28.189.51,,,,,,,
143,112.230.251.85,,,,,,,
144,112.74.185.158,,,,,,,
145,112.74.34.48,,,,,,,
146,112.74.52.90,,,,,,,
147,113.141.64.14,,,,,,,
148,113.169.187.159,,,,,,,
149,113.98.224.68,,,,,,,
150,114.112.161.155,,,,,,,
151,114.132.231.19,,,,,,,
152,115.151.228.146,,,,,,,
153,115.151.228.18,,,,,,,
154,115.151.228.4,,,,,,,
155,115.151.228.64,,,,,,,
156,115.151.228.83,,,,,,,
157,115.151.228.92,,,,,,,
158,115.151.228.95,,,,,,,
159,115.151.229.14,,,,,,,
160,115.151.229.16,,,,,,,
161,115.151.229.27,,,,,,,
162,115.151.229.39,,,,,,,
163,115.54.192.204,,,,,,,
164,115.68.227.76,,,,,,,
165,116.24.67.213,,,,,,,
166,116.62.20.122,,,,,,,
167,116.89.189.19,,,,,,,
168,116.89.189.30,,,,,,,
169,117.192.11.154,,,,,,,
170,117.208.234.11,,,,,,,
171,118.123.105.89,,,,,,,
172,118.27.36.56,,,,,,,
173,119.59.103.152,,,,,,,
174,120.195.30.152,,,,,,,
175,120.211.140.116,,,,,,,
176,120.24.23.84,,,,,,,
177,121.36.213.142,,,,,,,
178,121.4.56.143,,,,,,,
179,121.5.113.11,,,,,,,
180,121.5.219.20,,,,,,,
181,122.155.174.180,,,,,,,
182,122.161.50.23,,,,,,,
183,122.161.53.44,,,,,,,
184,122.194.13.141,,,,,,,
185,122.228.91.87,,,,,,,
186,122.97.253.53,,,,,,,
187,123.60.215.208,,,,,,,
188,124.224.87.11,,,,,,,
189,124.28.27.21,,,,,,,
190,125.106.88.182,,,,,,,
191,125.130.31.195,,,,,,,
192,128.1.42.231,,,,,,,
193,128.14.102.187,,,,,,,
194,128.14.225.243,,,,,,,
195,128.199.15.215,,,,,,,
196,128.199.222.221,,,,,,,
197,128.199.78.227,,,,,,,
198,129.232.188.93,,,,,,,
199,13.40.111.201,,,,,,,
200,131.100.148.7,,,,,,,
201,131.159.24.205,,,,,,,
202,133.18.201.195,,,,,,,
203,134.122.119.252,,,,,,,
204,134.122.34.28,,,,,,,
205,134.209.24.42,,,,,,,
206,134.209.82.14,,,,,,,
207,134.35.9.209,,,,,,,
208,134.56.204.191,,,,,,,
209,135.148.43.32,,,,,,,
210,137.184.102.82,,,,,,,
211,137.184.104.73,,,,,,,
212,137.184.106.119,,,,,,,
213,137.184.111.180,,,,,,,
214,137.184.142.10,,,,,,,
215,137.184.28.58,,,,,,,
216,137.184.96.216,,,,,,,
217,137.184.98.176,,,,,,,
218,137.184.99.8,,,,,,,
219,138.197.106.234,,,,,,,
220,138.197.108.154,,,,,,,
221,138.197.167.229,,,,,,,
222,138.197.193.220,,,,,,,
223,138.197.206.223,,,,,,,
224,138.197.216.230,,,,,,,
225,138.197.72.76,,,,,,,
226,138.197.9.239,,,,,,,
227,138.199.21.10,,,,,,,
228,138.199.21.63,,,,,,,
229,138.199.21.9,,,,,,,
230,138.68.155.222,,,,,,,
231,138.68.167.19,,,,,,,
232,138.68.250.214,,,,,,,
233,139.180.128.142,,,,,,,
234,139.180.184.197,,,,,,,
235,139.195.43.166,,,,,,,
236,139.196.238.131,,,,,,,
237,139.28.218.132,,,,,,,
238,139.28.218.133,,,,,,,
239,139.28.218.134,,,,,,,
240,139.28.219.109,,,,,,,
241,139.45.197.250,,,,,,,
242,139.45.197.253,,,,,,,
243,139.59.101.242,,,,,,,
244,139.59.103.254,,,,,,,
245,139.59.108.31,,,,,,,
246,139.59.126.41,,,,,,,
247,139.59.163.74,,,,,,,
248,139.59.182.104,,,,,,,
249,139.59.188.119,,,,,,,
250,139.59.224.7,,,,,,,
251,139.59.242.76,,,,,,,
252,139.59.8.39,,,,,,,
253,139.59.96.42,,,,,,,
254,139.59.97.205,,,,,,,
255,139.59.99.80,,,,,,,
256,139.60.161.213,,,,,,,
257,14.1.112.177,,,,,,,
258,140.206.86.124,,,,,,,
259,140.246.171.141,,,,,,,
260,140.82.48.158,,,,,,,
261,142.93.151.166,,,,,,,
262,142.93.157.150,,,,,,,
263,142.93.34.250,,,,,,,
264,142.93.36.237,,,,,,,
265,142.93.88.16,,,,,,,
266,143.110.221.204,,,,,,,
267,143.110.221.219,,,,,,,
268,143.198.115.47,,,,,,,
269,143.198.136.88,,,,,,,
270,143.198.179.104,,,,,,,
271,143.198.180.150,,,,,,,
272,143.198.183.66,,,,,,,
273,143.198.32.72,,,,,,,
274,143.198.45.117,,,,,,,
275,143.244.135.246,,,,,,,
276,143.244.146.199,,,,,,,
277,143.244.184.81,,,,,,,
278,144.48.37.78,,,,,,,
279,144.76.136.153,,,,,,,
280,145.220.24.19,,,,,,,
281,146.112.61.105,,,,,,,
282,146.56.131.161,,,,,,,
283,146.56.148.181,,,,,,,
284,146.59.45.142,,,,,,,
285,146.70.75.21,,,,,,,
286,146.70.75.53,,,,,,,
287,146.70.75.54,,,,,,,
288,146.88.240.248,,,,,,,
289,146.88.240.4,,,,,,,
290,147.135.11.223,,,,,,,
291,147.135.36.162,,,,,,,
292,147.135.6.221,,,,,,,
293,147.139.166.154,,,,,,,
294,147.182.131.229,,,,,,,
295,147.182.150.124,,,,,,,
296,147.182.152.242,,,,,,,
297,147.182.154.100,,,,,,,
298,147.182.167.165,,,,,,,
299,147.182.169.254,,,,,,,
300,147.182.179.141,,,,,,,
301,147.182.187.229,,,,,,,
302,147.182.191.41,,,,,,,
303,147.182.198.103,,,,,,,
304,147.182.199.94,,,,,,,
305,147.182.213.12,,,,,,,
306,147.182.215.36,,,,,,,
307,147.182.216.21,,,,,,,
308,147.182.219.9,,,,,,,
309,147.182.242.144,,,,,,,
310,147.182.242.241,,,,,,,
311,148.213.109.165,,,,,,,
312,150.129.218.231,,,,,,,
313,150.158.189.96,,,,,,,
314,151.115.60.113,,,,,,,
315,151.80.148.159,,,,,,,
316,152.32.153.235,,,,,,,
317,152.32.200.79,,,,,,,
318,152.89.239.12,,,,,,,
319,152.89.247.50,,,,,,,
320,153.126.146.25,,,,,,,
321,153.92.5.27,,,,,,,
322,154.16.192.70,,,,,,,
323,154.39.255.195,,,,,,,
324,154.65.28.250,,,,,,,
325,154.89.5.68,,,,,,,
326,154.89.5.92,,,,,,,
327,154.94.7.88,,,,,,,
328,155.138.224.122,,,,,,,
329,156.146.35.73,,,,,,,
330,156.253.5.199,,,,,,,
331,157.230.32.67,,,,,,,
332,157.245.109.75,,,,,,,
333,157.245.129.50,,,,,,,
334,158.247.221.101,,,,,,,
335,159.203.178.229,,,,,,,
336,159.203.187.141,,,,,,,
337,159.203.45.181,,,,,,,
338,159.203.58.73,,,,,,,
339,159.203.8.145,,,,,,,
340,159.223.42.182,,,,,,,
341,159.223.61.102,,,,,,,
342,159.223.9.17,,,,,,,
343,159.48.55.216,,,,,,,
344,159.65.146.60,,,,,,,
345,159.65.155.208,,,,,,,
346,159.65.175.123,,,,,,,
347,159.65.194.103,,,,,,,
348,159.65.241.220,,,,,,,
349,159.65.242.248,,,,,,,
350,159.65.3.102,,,,,,,
351,159.65.58.66,,,,,,,
352,159.65.59.77,,,,,,,
353,159.65.88.10,,,,,,,
354,159.89.113.255,,,,,,,
355,159.89.115.238,,,,,,,
356,159.89.122.19,,,,,,,
357,159.89.133.216,,,,,,,
358,159.89.146.147,,,,,,,
359,159.89.150.150,,,,,,,
360,159.89.154.102,,,,,,,
361,159.89.154.185,,,,,,,
362,159.89.154.64,,,,,,,
363,159.89.154.77,,,,,,,
364,159.89.180.119,,,,,,,
365,159.89.182.117,,,,,,,
366,159.89.48.173,,,,,,,
367,159.89.6.165,,,,,,,
368,159.89.85.91,,,,,,,
369,159.89.94.219,,,,,,,
370,160.16.142.56,,,,,,,
371,160.238.38.196,,,,,,,
372,160.238.38.207,,,,,,,
373,160.238.38.212,,,,,,,
374,161.35.119.60,,,,,,,
375,161.35.155.230,,,,,,,
376,161.35.156.13,,,,,,,
377,161.35.236.24,,,,,,,
378,162.142.125.193,,,,,,,
379,162.142.125.194,,,,,,,
380,162.142.125.195,,,,,,,
381,162.142.125.196,,,,,,,
382,162.142.125.42,,,,,,,
383,162.142.125.43,,,,,,,
384,162.142.125.44,,,,,,,
385,162.142.125.58,,,,,,,
386,162.142.125.59,,,,,,,
387,162.142.125.60,,,,,,,
388,162.144.119.216,,,,,,,
389,162.243.125.212,,,,,,,
390,162.243.172.59,,,,,,,
391,162.244.80.235,,,,,,,
392,162.247.74.201,,,,,,,
393,162.247.74.202,,,,,,,
394,162.247.74.206,,,,,,,
395,162.247.74.27,,,,,,,
396,162.247.74.7,,,,,,,
397,162.253.71.51,,,,,,,
398,162.255.202.246,,,,,,,
399,162.55.137.20,,,,,,,
400,163.172.157.143,,,,,,,
401,163.172.213.212,,,,,,,
402,163.182.177.80,,,,,,,
403,163.44.196.120,,,,,,,
404,164.52.53.163,,,,,,,
405,164.68.99.3,,,,,,,
406,164.90.199.216,,,,,,,
407,164.92.254.33,,,,,,,
408,165.22.201.45,,,,,,,
409,165.22.213.246,,,,,,,
410,165.22.60.26,,,,,,,
411,165.227.239.108,,,,,,,
412,165.227.32.109,,,,,,,
413,165.227.37.189,,,,,,,
414,165.232.80.166,,,,,,,
415,165.232.80.22,,,,,,,
416,165.232.84.226,,,,,,,
417,165.232.84.228,,,,,,,
418,166.70.207.2,,,,,,,
419,167.172.253.162,,,,,,,
420,167.172.44.158,,,,,,,
421,167.172.69.26,,,,,,,
422,167.172.94.250,,,,,,,
423,167.248.133.113,,,,,,,
424,167.248.133.114,,,,,,,
425,167.248.133.115,,,,,,,
426,167.248.133.116,,,,,,,
427,167.248.133.41,,,,,,,
428,167.248.133.42,,,,,,,
429,167.248.133.43,,,,,,,
430,167.248.133.44,,,,,,,
431,167.248.133.57,,,,,,,
432,167.248.133.58,,,,,,,
433,167.248.133.59,,,,,,,
434,167.248.133.60,,,,,,,
435,167.71.1.144,,,,,,,
436,167.71.104.12,,,,,,,
437,167.71.13.196,,,,,,,
438,167.71.4.81,,,,,,,
439,167.86.114.20,,,,,,,
440,167.94.138.113,,,,,,,
441,167.94.138.114,,,,,,,
442,167.94.138.115,,,,,,,
443,167.94.138.116,,,,,,,
444,167.94.138.41,,,,,,,
445,167.94.138.42,,,,,,,
446,167.94.138.43,,,,,,,
447,167.94.138.44,,,,,,,
448,167.94.138.57,,,,,,,
449,167.94.138.58,,,,,,,
450,167.94.138.59,,,,,,,
451,167.94.138.60,,,,,,,
452,167.94.145.60,,,,,,,
453,167.99.164.160,,,,,,,
454,167.99.164.201,,,,,,,
455,167.99.172.213,,,,,,,
456,167.99.172.58,,,,,,,
457,167.99.172.99,,,,,,,
458,167.99.186.227,,,,,,,
459,167.99.204.151,,,,,,,
460,167.99.221.217,,,,,,,
461,167.99.221.249,,,,,,,
462,167.99.251.87,,,,,,,
463,167.99.36.245,,,,,,,
464,167.99.44.32,,,,,,,
465,167.99.88.151,,,,,,,
466,168.197.250.14,,,,,,,
467,169.57.156.166,,,,,,,
468,170.210.45.163,,,,,,,
469,170.245.251.131,,,,,,,
470,171.221.235.43,,,,,,,
471,171.25.193.20,,,,,,,
472,171.25.193.25,,,,,,,
473,171.25.193.77,,,,,,,
474,171.25.193.78,,,,,,,
475,172.105.88.234,,,,,,,
476,172.106.17.218,,,,,,,
477,172.107.194.186,,,,,,,
478,172.111.48.30,,,,,,,
479,172.241.167.37,,,,,,,
480,172.247.168.153,,,,,,,
481,172.67.137.137,,,,,,,
482,172.67.172.250,,,,,,,
483,172.83.40.103,,,,,,,
484,172.93.110.238,,,,,,,
485,173.212.193.249,,,,,,,
486,173.44.55.155,,,,,,,
487,174.138.58.120,,,,,,,
488,174.138.6.128,,,,,,,
489,174.138.62.44,,,,,,,
490,175.100.20.202,,,,,,,
491,175.6.210.66,,,,,,,
492,176.10.104.240,,,,,,,
493,176.10.99.200,,,,,,,
494,176.58.93.123,,,,,,,
495,177.131.174.12,,,,,,,
496,177.185.117.129,,,,,,,
497,177.72.80.14,,,,,,,
498,177.73.237.55,,,,,,,
499,178.128.103.166,,,,,,,
500,178.128.201.54,,,,,,,
501,178.128.226.212,,,,,,,
502,178.128.232.114,,,,,,,
503,178.141.5.228,,,,,,,
504,178.17.170.135,,,,,,,
505,178.17.170.23,,,,,,,
506,178.17.171.102,,,,,,,
507,178.17.171.150,,,,,,,
508,178.17.174.14,,,,,,,
509,178.176.202.121,,,,,,,
510,178.176.203.190,,,,,,,
511,178.20.55.16,,,,,,,
512,178.239.167.180,,,,,,,
513,178.239.173.228,,,,,,,
514,178.254.6.27,,,,,,,
515,178.32.255.133,,,,,,,
516,178.62.23.146,,,,,,,
517,178.62.32.211,,,,,,,
518,178.62.61.47,,,,,,,
519,178.62.79.49,,,,,,,
520,178.72.81.203,,,,,,,
521,179.12.170.88,,,,,,,
522,179.178.111.2,,,,,,,
523,179.43.167.10,,,,,,,
524,179.43.187.138,,,,,,,
525,179.62.18.56,,,,,,,
526,18.116.198.193,,,,,,,
527,18.228.7.109,,,,,,,
528,18.27.197.252,,,,,,,
529,180.149.231.196,,,,,,,
530,180.149.231.197,,,,,,,
531,180.149.231.245,,,,,,,
532,181.141.3.126,,,,,,,
533,181.164.194.228,,,,,,,
534,181.214.39.2,,,,,,,
535,181.230.126.152,,,,,,,
536,181.36.42.205,,,,,,,
537,181.81.143.108,,,,,,,
538,182.123.252.198,,,,,,,
539,182.253.160.196,,,,,,,
540,182.31.130.42,,,,,,,
541,182.76.6.2,,,,,,,
542,182.99.234.208,,,,,,,
543,182.99.246.106,,,,,,,
544,182.99.246.138,,,,,,,
545,182.99.246.141,,,,,,,
546,182.99.246.172,,,,,,,
547,182.99.246.179,,,,,,,
548,182.99.246.183,,,,,,,
549,182.99.246.187,,,,,,,
550,182.99.246.190,,,,,,,
551,182.99.246.199,,,,,,,
552,182.99.247.122,,,,,,,
553,182.99.247.145,,,,,,,
554,182.99.247.181,,,,,,,
555,182.99.247.188,,,,,,,
556,182.99.247.253,,,,,,,
557,182.99.247.67,,,,,,,
558,182.99.247.75,,,,,,,
559,183.110.214.149,,,,,,,
560,183.111.227.137,,,,,,,
561,183.136.225.31,,,,,,,
562,183.136.225.43,,,,,,,
563,183.136.226.4,,,,,,,
564,185.10.68.168,,,,,,,
565,185.100.86.128,,,,,,,
566,185.100.87.139,,,,,,,
567,185.100.87.174,,,,,,,
568,185.100.87.202,,,,,,,
569,185.100.87.41,,,,,,,
570,185.107.47.171,,,,,,,
571,185.107.47.215,,,,,,,
572,185.107.70.56,,,,,,,
573,185.129.61.1,,,,,,,
574,185.129.61.4,,,,,,,
575,185.129.92.210,,,,,,,
576,185.130.44.108,,,,,,,
577,185.14.97.147,,,,,,,
578,185.141.63.120,,,,,,,
579,185.143.223.69,,,,,,,
580,185.154.53.140,,,,,,,
581,185.165.168.77,,,,,,,
582,185.165.169.18,,,,,,,
583,185.174.136.20,,,,,,,
584,185.177.92.29,,,,,,,
585,185.187.198.4,,,,,,,
586,185.191.32.198,,,,,,,
587,185.199.100.233,,,,,,,
588,185.202.220.109,,,,,,,
589,185.202.220.75,,,,,,,
590,185.216.74.114,,,,,,,
591,185.218.127.47,,,,,,,
592,185.218.200.1,,,,,,,
593,185.220.100.240,,,,,,,
594,185.220.100.241,,,,,,,
595,185.220.100.242,,,,,,,
596,185.220.100.243,,,,,,,
597,185.220.100.244,,,,,,,
598,185.220.100.245,,,,,,,
599,185.220.100.246,,,,,,,
600,185.220.100.247,,,,,,,
601,185.220.100.248,,,,,,,
602,185.220.100.249,,,,,,,
603,185.220.100.250,,,,,,,
604,185.220.100.251,,,,,,,
605,185.220.100.252,,,,,,,
606,185.220.100.253,,,,,,,
607,185.220.100.254,,,,,,,
608,185.220.100.255,,,,,,,
609,185.220.101.1,,,,,,,
610,185.220.101.10,,,,,,,
611,185.220.101.128,,,,,,,
612,185.220.101.129,,,,,,,
613,185.220.101.131,,,,,,,
614,185.220.101.132,,,,,,,
615,185.220.101.133,,,,,,,
616,185.220.101.134,,,,,,,
617,185.220.101.135,,,,,,,
618,185.220.101.136,,,,,,,
619,185.220.101.137,,,,,,,
620,185.220.101.138,,,,,,,
621,185.220.101.139,,,,,,,
622,185.220.101.14,,,,,,,
623,185.220.101.140,,,,,,,
624,185.220.101.141,,,,,,,
625,185.220.101.142,,,,,,,
626,185.220.101.143,,,,,,,
627,185.220.101.144,,,,,,,
628,185.220.101.145,,,,,,,
629,185.220.101.146,,,,,,,
630,185.220.101.147,,,,,,,
631,185.220.101.148,,,,,,,
632,185.220.101.149,,,,,,,
633,185.220.101.150,,,,,,,
634,185.220.101.151,,,,,,,
635,185.220.101.152,,,,,,,
636,185.220.101.153,,,,,,,
637,185.220.101.154,,,,,,,
638,185.220.101.155,,,,,,,
639,185.220.101.156,,,,,,,
640,185.220.101.157,,,,,,,
641,185.220.101.158,,,,,,,
642,185.220.101.159,,,,,,,
643,185.220.101.16,,,,,,,
644,185.220.101.160,,,,,,,
645,185.220.101.161,,,,,,,
646,185.220.101.162,,,,,,,
647,185.220.101.163,,,,,,,
648,185.220.101.164,,,,,,,
649,185.220.101.165,,,,,,,
650,185.220.101.166,,,,,,,
651,185.220.101.167,,,,,,,
652,185.220.101.168,,,,,,,
653,185.220.101.169,,,,,,,
654,185.220.101.170,,,,,,,
655,185.220.101.171,,,,,,,
656,185.220.101.172,,,,,,,
657,185.220.101.173,,,,,,,
658,185.220.101.174,,,,,,,
659,185.220.101.175,,,,,,,
660,185.220.101.176,,,,,,,
661,185.220.101.177,,,,,,,
662,185.220.101.178,,,,,,,
663,185.220.101.179,,,,,,,
664,185.220.101.180,,,,,,,
665,185.220.101.181,,,,,,,
666,185.220.101.182,,,,,,,
667,185.220.101.183,,,,,,,
668,185.220.101.184,,,,,,,
669,185.220.101.185,,,,,,,
670,185.220.101.186,,,,,,,
671,185.220.101.187,,,,,,,
672,185.220.101.188,,,,,,,
673,185.220.101.189,,,,,,,
674,185.220.101.19,,,,,,,
675,185.220.101.190,,,,,,,
676,185.220.101.191,,,,,,,
677,185.220.101.2,,,,,,,
678,185.220.101.21,,,,,,,
679,185.220.101.3,,,,,,,
680,185.220.101.32,,,,,,,
681,185.220.101.33,,,,,,,
682,185.220.101.34,,,,,,,
683,185.220.101.35,,,,,,,
684,185.220.101.36,,,,,,,
685,185.220.101.37,,,,,,,
686,185.220.101.38,,,,,,,
687,185.220.101.39,,,,,,,
688,185.220.101.40,,,,,,,
689,185.220.101.41,,,,,,,
690,185.220.101.42,,,,,,,
691,185.220.101.43,,,,,,,
692,185.220.101.44,,,,,,,
693,185.220.101.45,,,,,,,
694,185.220.101.46,,,,,,,
695,185.220.101.47,,,,,,,
696,185.220.101.48,,,,,,,
697,185.220.101.49,,,,,,,
698,185.220.101.50,,,,,,,
699,185.220.101.51,,,,,,,
700,185.220.101.52,,,,,,,
701,185.220.101.53,,,,,,,
702,185.220.101.54,,,,,,,
703,185.220.101.55,,,,,,,
704,185.220.101.56,,,,,,,
705,185.220.101.57,,,,,,,
706,185.220.101.58,,,,,,,
707,185.220.101.59,,,,,,,
708,185.220.101.60,,,,,,,
709,185.220.101.61,,,,,,,
710,185.220.101.62,,,,,,,
711,185.220.101.63,,,,,,,
712,185.220.101.7,,,,,,,
713,185.220.101.9,,,,,,,
714,185.220.102.241,,,,,,,
715,185.220.102.242,,,,,,,
716,185.220.102.243,,,,,,,
717,185.220.102.244,,,,,,,
718,185.220.102.245,,,,,,,
719,185.220.102.246,,,,,,,
720,185.220.102.249,,,,,,,
721,185.220.102.250,,,,,,,
722,185.220.102.251,,,,,,,
723,185.220.102.252,,,,,,,
724,185.220.102.253,,,,,,,
725,185.220.102.254,,,,,,,
726,185.220.102.4,,,,,,,
727,185.220.102.6,,,,,,,
728,185.220.102.7,,,,,,,
729,185.220.102.8,,,,,,,
730,185.220.103.117,,,,,,,
731,185.220.103.119,,,,,,,
732,185.220.103.4,,,,,,,
733,185.220.103.5,,,,,,,
734,185.220.103.7,,,,,,,
735,185.220.103.8,,,,,,,
736,185.225.74.55,,,,,,,
737,185.232.23.46,,,,,,,
738,185.236.200.117,,,,,,,
739,185.245.86.84,,,,,,,
740,185.245.86.86,,,,,,,
741,185.245.87.245,,,,,,,
742,185.250.148.157,,,,,,,
743,185.38.175.130,,,,,,,
744,185.38.175.131,,,,,,,
745,185.38.175.132,,,,,,,
746,185.4.132.183,,,,,,,
747,185.4.135.165,,,,,,,
748,185.56.80.65,,,,,,,
749,185.7.214.218,,,,,,,
750,185.7.33.149,,,,,,,
751,185.7.33.36,,,,,,,
752,185.83.214.69,,,,,,,
753,186.194.240.217,,,,,,,
754,186.4.172.5,,,,,,,
755,186.64.67.6,,,,,,,
756,186.86.212.138,,,,,,,
757,187.155.233.46,,,,,,,
758,188.120.246.215,,,,,,,
759,188.166.102.47,,,,,,,
760,188.166.105.150,,,,,,,
761,188.166.122.43,,,,,,,
762,188.166.170.135,,,,,,,
763,188.166.223.38,,,,,,,
764,188.166.225.104,,,,,,,
765,188.166.45.93,,,,,,,
766,188.166.48.55,,,,,,,
767,188.166.7.245,,,,,,,
768,188.166.74.97,,,,,,,
769,188.166.76.204,,,,,,,
770,188.166.86.206,,,,,,,
771,188.166.92.228,,,,,,,
772,188.241.156.221,,,,,,,
773,188.34.130.40,,,,,,,
774,188.93.125.116,,,,,,,
775,190.10.194.42,,,,,,,
776,190.104.64.197,,,,,,,
777,190.117.206.153,,,,,,,
778,190.13.146.47,,,,,,,
779,190.193.180.228,,,,,,,
780,190.195.129.227,,,,,,,
781,190.92.103.7,,,,,,,
782,191.101.132.152,,,,,,,
783,191.232.38.25,,,,,,,
784,192.160.102.169,,,,,,,
785,192.241.209.7,,,,,,,
786,192.241.211.213,,,,,,,
787,192.241.212.216,,,,,,,
788,192.241.212.94,,,,,,,
789,192.241.213.176,,,,,,,
790,192.241.214.186,,,,,,,
791,192.241.214.236,,,,,,,
792,192.241.214.25,,,,,,,
793,192.241.214.252,,,,,,,
794,192.241.221.160,,,,,,,
795,192.241.223.89,,,,,,,
796,192.241.224.19,,,,,,,
797,192.241.224.234,,,,,,,
798,192.241.225.72,,,,,,,
799,192.241.234.10,,,,,,,
800,192.243.59.12,,,,,,,
801,192.243.59.13,,,,,,,
802,192.36.119.61,,,,,,,
803,192.42.116.19,,,,,,,
804,192.81.130.207,,,,,,,
805,192.99.152.200,,,,,,,
806,193.110.95.34,,,,,,,
807,193.149.176.157,,,,,,,
808,193.163.125.138,,,,,,,
809,193.169.255.78,,,,,,,
810,193.189.100.195,,,,,,,
811,193.189.100.196,,,,,,,
812,193.189.100.201,,,,,,,
813,193.189.100.202,,,,,,,
814,193.189.100.203,,,,,,,
815,193.218.118.183,,,,,,,
816,193.218.118.231,,,,,,,
817,193.235.146.104,,,,,,,
818,193.239.232.101,,,,,,,
819,193.239.232.102,,,,,,,
820,193.31.24.154,,,,,,,
821,193.32.210.125,,,,,,,
822,193.32.210.182,,,,,,,
823,193.42.121.145,,,,,,,
824,193.56.29.26,,,,,,,
825,193.57.137.122,,,,,,,
826,194.110.84.39,,,,,,,
827,194.110.84.93,,,,,,,
828,194.135.30.210,,,,,,,
829,194.135.33.152,,,,,,,
830,194.163.133.36,,,,,,,
831,194.163.163.20,,,,,,,
832,194.163.45.31,,,,,,,
833,194.195.213.62,,,,,,,
834,194.233.71.145,,,,,,,
835,194.31.98.117,,,,,,,
836,194.34.246.90,,,,,,,
837,194.48.199.78,,,,,,,
838,194.59.165.21,,,,,,,
839,195.123.247.209,,,,,,,
840,195.133.40.15,,,,,,,
841,195.176.3.19,,,,,,,
842,195.176.3.24,,,,,,,
843,195.19.192.26,,,,,,,
844,195.201.175.217,,,,,,,
845,195.206.105.217,,,,,,,
846,195.251.41.139,,,,,,,
847,195.254.135.76,,,,,,,
848,196.240.57.190,,,,,,,
849,196.44.98.190,,,,,,,
850,196.70.77.11,,,,,,,
851,197.11.134.255,,,,,,,
852,197.158.89.85,,,,,,,
853,197.204.247.7,,,,,,,
854,197.207.181.147,,,,,,,
855,197.207.218.27,,,,,,,
856,197.242.150.244,,,,,,,
857,197.246.171.111,,,,,,,
858,197.246.171.83,,,,,,,
859,197.94.67.207,,,,,,,
860,198.144.121.43,,,,,,,
861,198.199.106.229,,,,,,,
862,198.199.88.162,,,,,,,
863,198.244.187.248,,,,,,,
864,198.252.98.184,,,,,,,
865,198.96.155.3,,,,,,,
866,198.98.51.189,,,,,,,
867,198.98.57.191,,,,,,,
868,198.98.57.207,,,,,,,
869,198.98.60.19,,,,,,,
870,199.195.250.77,,,,,,,
871,199.195.253.162,,,,,,,
872,199.217.117.92,,,,,,,
873,199.249.230.110,,,,,,,
874,199.249.230.119,,,,,,,
875,199.249.230.158,,,,,,,
876,2.12.51.56,,,,,,,
877,2.13.27.3,,,,,,,
878,20.205.104.227,,,,,,,
879,20.71.156.146,,,,,,,
880,200.123.150.89,,,,,,,
881,200.21.90.6,,,,,,,
882,201.212.57.109,,,,,,,
883,201.94.166.162,,,,,,,
884,202.129.205.3,,,,,,,
885,202.14.122.148,,,,,,,
886,202.14.123.234,,,,,,,
887,203.27.106.141,,,,,,,
888,203.27.106.142,,,,,,,
889,203.27.106.165,,,,,,,
890,204.11.56.48,,,,,,,
891,204.8.156.142,,,,,,,
892,205.185.115.217,,,,,,,
893,205.185.115.45,,,,,,,
894,205.185.117.149,,,,,,,
895,205.185.126.167,,,,,,,
896,205.185.127.200,,,,,,,
897,205.185.127.35,,,,,,,
898,206.189.20.141,,,,,,,
899,207.249.96.145,,,,,,,
900,208.100.26.245,,,,,,,
901,209.127.17.234,,,,,,,
902,209.127.17.242,,,,,,,
903,209.141.34.232,,,,,,,
904,209.141.36.116,,,,,,,
905,209.141.36.206,,,,,,,
906,209.141.41.103,,,,,,,
907,209.141.45.189,,,,,,,
908,209.141.45.227,,,,,,,
909,209.141.48.150,,,,,,,
910,209.141.49.232,,,,,,,
911,209.141.58.146,,,,,,,
912,209.58.146.160,,,,,,,
913,21.15.46.55,,,,,,,
914,210.13.110.60,,,,,,,
915,210.141.105.67,,,,,,,
916,210.217.18.76,,,,,,,
917,210.57.217.132,,,,,,,
918,211.154.194.21,,,,,,,
919,211.218.126.140,,,,,,,
920,211.232.48.65,,,,,,,
921,212.102.50.103,,,,,,,
922,212.102.50.87,,,,,,,
923,212.102.50.89,,,,,,,
924,212.109.197.1,,,,,,,
925,212.192.216.30,,,,,,,
926,212.192.246.29,,,,,,,
927,212.192.246.95,,,,,,,
928,212.193.30.142,,,,,,,
929,212.193.57.225,,,,,,,
930,212.47.237.67,,,,,,,
931,213.152.188.4,,,,,,,
932,213.186.33.19,,,,,,,
933,213.202.216.189,,,,,,,
934,213.203.177.219,,,,,,,
935,213.61.215.54,,,,,,,
936,213.95.149.22,,,,,,,
937,216.154.222.52,,,,,,,
938,216.218.134.12,,,,,,,
939,216.75.60.208,,,,,,,
940,217.112.83.246,,,,,,,
941,217.113.27.158,,,,,,,
942,217.146.83.229,,,,,,,
943,218.29.217.234,,,,,,,
944,218.89.222.71,,,,,,,
945,220.120.233.251,,,,,,,
946,220.189.250.86,,,,,,,
947,220.74.20.51,,,,,,,
948,221.120.144.101,,,,,,,
949,221.15.252.210,,,,,,,
950,221.199.187.100,,,,,,,
951,221.226.159.22,,,,,,,
952,221.228.87.37,,,,,,,
953,222.117.186.28,,,,,,,
954,223.130.30.130,,,,,,,
955,223.149.181.32,,,,,,,
956,23.108.92.140,,,,,,,
957,23.111.114.52,,,,,,,
958,23.120.182.121,,,,,,,
959,23.129.64.130,,,,,,,
960,23.129.64.131,,,,,,,
961,23.129.64.132,,,,,,,
962,23.129.64.133,,,,,,,
963,23.129.64.134,,,,,,,
964,23.129.64.135,,,,,,,
965,23.129.64.137,,,,,,,
966,23.129.64.138,,,,,,,
967,23.129.64.139,,,,,,,
968,23.129.64.140,,,,,,,
969,23.129.64.141,,,,,,,
970,23.129.64.142,,,,,,,
971,23.129.64.144,,,,,,,
972,23.129.64.145,,,,,,,
973,23.129.64.146,,,,,,,
974,23.129.64.148,,,,,,,
975,23.129.64.149,,,,,,,
976,23.148.145.237,,,,,,,
977,23.154.177.2,,,,,,,
978,23.154.177.4,,,,,,,
979,23.154.177.7,,,,,,,
980,23.160.193.176,,,,,,,
981,23.183.83.71,,,,,,,
982,23.184.48.209,,,,,,,
983,23.82.194.167,,,,,,,
984,23.82.194.168,,,,,,,
985,3.145.115.94,,,,,,,
986,31.42.184.34,,,,,,,
987,31.42.186.101,,,,,,,
988,31.6.19.41,,,,,,,
989,34.102.136.180,,,,,,,
990,34.171.198.211,,,,,,,
991,34.247.50.189,,,,,,,
992,35.170.71.122,,,,,,,
993,36.155.14.163,,,,,,,
994,37.1.215.220,,,,,,,
995,37.120.158.20,,,,,,,
996,37.120.158.22,,,,,,,
997,37.120.199.196,,,,,,,
998,37.120.203.182,,,,,,,
999,37.120.232.51,,,,,,,
1000,37.123.163.58,,,,,,,
1001,37.187.122.82,,,,,,,
1002,37.19.212.104,,,,,,,
1003,37.19.212.88,,,,,,,
1004,37.19.213.150,,,,,,,
1005,37.228.129.109,,,,,,,
1006,37.44.238.231,,,,,,,
1007,38.242.247.210,,,,,,,
1008,39.102.236.51,,,,,,,
1009,39.175.68.100,,,,,,,
1010,4.16.142.230,,,,,,,
1011,41.100.55.97,,,,,,,
1012,41.107.77.67,,,,,,,
1013,41.109.11.80,,,,,,,
1014,41.203.140.114,,,,,,,
1015,41.251.121.35,,,,,,,
1016,41.97.65.51,,,,,,,
1017,42.189.12.36,,,,,,,
1018,42.192.11.41,,,,,,,
1019,42.192.17.155,,,,,,,
1020,42.192.69.45,,,,,,,
1021,42.193.8.97,,,,,,,
1022,42.98.70.127,,,,,,,
1023,43.130.10.173,,,,,,,
1024,44.193.244.20,,,,,,,
1025,44.231.127.42,,,,,,,
1026,44.235.67.129,,,,,,,
1027,44.236.158.122,,,,,,,
1028,44.236.96.138,,,,,,,
1029,44.238.39.237,,,,,,,
1030,45.12.134.108,,,,,,,
1031,45.129.56.200,,,,,,,
1032,45.13.104.179,,,,,,,
1033,45.130.229.168,,,,,,,
1034,45.137.155.55,,,,,,,
1035,45.137.184.31,,,,,,,
1036,45.137.21.166,,,,,,,
1037,45.137.21.9,,,,,,,
1038,45.146.164.234,,,,,,,
1039,45.146.165.37,,,,,,,
1040,45.15.16.70,,,,,,,
1041,45.153.160.130,,,,,,,
1042,45.153.160.131,,,,,,,
1043,45.153.160.133,,,,,,,
1044,45.153.160.134,,,,,,,
1045,45.153.160.135,,,,,,,
1046,45.153.160.136,,,,,,,
1047,45.153.160.138,,,,,,,
1048,45.153.160.140,,,,,,,
1049,45.153.160.2,,,,,,,
1050,45.154.255.147,,,,,,,
1051,45.155.205.233,,,,,,,
1052,45.176.232.124,,,,,,,
1053,45.227.251.167,,,,,,,
1054,45.248.77.142,,,,,,,
1055,45.33.120.240,,,,,,,
1056,45.61.136.47,,,,,,,
1057,45.61.185.54,,,,,,,
1058,45.61.186.225,,,,,,,
1059,45.64.75.134,,,,,,,
1060,45.79.33.48,,,,,,,
1061,45.8.158.104,,,,,,,
1062,45.83.192.134,,,,,,,
1063,45.83.64.181,,,,,,,
1064,45.83.64.38,,,,,,,
1065,45.86.201.20,,,,,,,
1066,46.101.223.115,,,,,,,
1067,46.105.95.220,,,,,,,
1068,46.148.224.27,,,,,,,
1069,46.166.139.111,,,,,,,
1070,46.173.218.146,,,,,,,
1071,46.182.21.248,,,,,,,
1072,46.224.86.191,,,,,,,
1073,46.4.51.212,,,,,,,
1074,47.254.127.78,,,,,,,
1075,47.87.229.39,,,,,,,
1076,49.234.43.244,,,,,,,
1077,49.234.81.169,,,,,,,
1078,49.7.224.217,,,,,,,
1079,5.101.145.41,,,,,,,
1080,5.101.145.43,,,,,,,
1081,5.135.141.139,,,,,,,
1082,5.135.159.50,,,,,,,
1083,5.157.38.50,,,,,,,
1084,5.161.136.176,,,,,,,
1085,5.181.234.58,,,,,,,
1086,5.181.235.44,,,,,,,
1087,5.181.235.45,,,,,,,
1088,5.182.210.216,,,,,,,
1089,5.183.209.217,,,,,,,
1090,5.188.210.227,,,,,,,
1091,5.188.86.195,,,,,,,
1092,5.199.143.202,,,,,,,
1093,5.2.69.50,,,,,,,
1094,5.2.70.140,,,,,,,
1095,5.2.72.73,,,,,,,
1096,5.254.101.169,,,,,,,
1097,5.255.99.59,,,,,,,
1098,5.39.8.45,,,,,,,
1099,5.44.42.20,,,,,,,
1100,5.6.9.6,,,,,,,
1101,51.105.55.17,,,,,,,
1102,51.15.180.36,,,,,,,
1103,51.15.43.205,,,,,,,
1104,51.15.59.15,,,,,,,
1105,51.15.76.60,,,,,,,
1106,51.255.106.85,,,,,,,
1107,51.68.175.8,,,,,,,
1108,51.68.190.9,,,,,,,
1109,51.75.161.78,,,,,,,
1110,51.77.52.216,,,,,,,
1111,52.12.78.19,,,,,,,
1112,52.202.123.47,,,,,,,
1113,52.207.141.86,,,,,,,
1114,52.22.116.169,,,,,,,
1115,52.231.93.116,,,,,,,
1116,52.25.150.217,,,,,,,
1117,52.34.154.232,,,,,,,
1118,52.51.141.192,,,,,,,
1119,52.88.220.108,,,,,,,
1120,54.171.211.124,,,,,,,
1121,54.173.99.121,,,,,,,
1122,54.185.17.193,,,,,,,
1123,54.195.86.178,,,,,,,
1124,54.68.142.114,,,,,,,
1125,54.70.205.6,,,,,,,
1126,58.100.164.147,,,,,,,
1127,59.127.22.14,,,,,,,
1128,59.152.93.46,,,,,,,
1129,60.31.180.149,,,,,,,
1130,61.166.221.46,,,,,,,
1131,61.175.202.154,,,,,,,
1132,61.178.32.114,,,,,,,
1133,61.19.25.207,,,,,,,
1134,61.52.46.172,,,,,,,
1135,62.102.148.68,,,,,,,
1136,62.102.148.69,,,,,,,
1137,62.171.142.3,,,,,,,
1138,62.210.130.250,,,,,,,
1139,62.76.41.46,,,,,,,
1140,63.214.171.26,,,,,,,
1141,63.251.109.122,,,,,,,
1142,63.251.109.123,,,,,,,
1143,63.251.109.124,,,,,,,
1144,63.251.109.125,,,,,,,
1145,63.251.109.126,,,,,,,
1146,63.251.109.127,,,,,,,
1147,63.251.109.128,,,,,,,
1148,63.251.109.130,,,,,,,
1149,63.251.109.131,,,,,,,
1150,63.251.109.132,,,,,,,
1151,63.251.109.133,,,,,,,
1152,63.251.109.134,,,,,,,
1153,63.251.109.135,,,,,,,
1154,63.251.109.136,,,,,,,
1155,63.251.109.137,,,,,,,
1156,63.251.109.138,,,,,,,
1157,63.251.109.139,,,,,,,
1158,63.251.109.81,,,,,,,
1159,63.251.109.82,,,,,,,
1160,63.251.109.83,,,,,,,
1161,63.251.109.84,,,,,,,
1162,63.251.109.85,,,,,,,
1163,63.251.109.86,,,,,,,
1164,63.251.109.87,,,,,,,
1165,63.251.109.88,,,,,,,
1166,64.113.32.29,,,,,,,
1167,64.225.53.132,,,,,,,
1168,64.225.53.94,,,,,,,
1169,64.227.4.94,,,,,,,
1170,64.227.67.110,,,,,,,
1171,65.157.23.94,,,,,,,
1172,66.220.242.222,,,,,,,
1173,66.240.205.34,,,,,,,
1174,66.240.236.109,,,,,,,
1175,66.42.91.32,,,,,,,
1176,67.205.163.197,,,,,,,
1177,67.205.170.85,,,,,,,
1178,67.207.82.254,,,,,,,
1179,67.207.88.251,,,,,,,
1180,67.207.93.79,,,,,,,
1181,68.183.18.169,,,,,,,
1182,68.183.192.239,,,,,,,
1183,68.183.198.247,,,,,,,
1184,68.183.198.36,,,,,,,
1185,68.183.207.73,,,,,,,
1186,68.183.33.144,,,,,,,
1187,68.183.35.171,,,,,,,
1188,68.183.36.244,,,,,,,
1189,68.183.37.10,,,,,,,
1190,68.183.41.150,,,,,,,
1191,68.183.44.143,,,,,,,
1192,68.79.17.59,,,,,,,
1193,68.83.169.91,,,,,,,
1194,69.192.185.238,,,,,,,
1195,69.43.168.232,,,,,,,
1196,69.84.240.57,,,,,,,
1197,7.59.4.7,,,,,,,
1198,70.45.30.28,,,,,,,
1199,72.15.201.15,,,,,,,
1200,72.223.168.73,,,,,,,
1201,72.5.65.111,,,,,,,
1202,77.73.133.84,,,,,,,
1203,77.78.33.78,,,,,,,
1204,78.109.34.178,,,,,,,
1205,78.110.164.45,,,,,,,
1206,78.31.71.247,,,,,,,
1207,78.31.71.248,,,,,,,
1208,79.127.57.42,,,,,,,
1209,79.137.198.60,,,,,,,
1210,79.137.35.198,,,,,,,
1211,79.146.170.248,,,,,,,
1212,80.71.158.12,,,,,,,
1213,80.71.158.44,,,,,,,
1214,81.169.145.68,,,,,,,
1215,81.17.18.59,,,,,,,
1216,81.17.18.60,,,,,,,
1217,81.17.18.61,,,,,,,
1218,81.17.18.62,,,,,,,
1219,81.184.181.215,,,,,,,
1220,82.102.25.253,,,,,,,
1221,82.102.31.170,,,,,,,
1222,82.118.18.201,,,,,,,
1223,82.118.21.1 ,,,,,,,
1224,82.12.196.197,,,,,,,
1225,82.221.131.71,,,,,,,
1226,82.223.21.224,,,,,,,
1227,84.17.39.201,,,,,,,
1228,84.17.42.118,,,,,,,
1229,85.198.141.6,,,,,,,
1230,85.93.218.204,,,,,,,
1231,85.93.88.165,,,,,,,
1232,86.106.103.29,,,,,,,
1233,86.109.208.194,,,,,,,
1234,87.118.110.27,,,,,,,
1235,88.215.2.29,,,,,,,
1236,88.221.40.103,,,,,,,
1237,88.80.20.86,,,,,,,
1238,89.108.65.136,,,,,,,
1239,89.163.154.91,,,,,,,
1240,89.163.252.230,,,,,,,
1241,89.163.252.30,,,,,,,
1242,89.187.161.35,,,,,,,
1243,89.188.124.145,,,,,,,
1244,89.208.105.255,,,,,,,
1245,89.238.178.213,,,,,,,
1246,89.249.63.3,,,,,,,
1247,89.31.143.1,,,,,,,
1248,89.35.30.236,,,,,,,
1249,89.38.69.136,,,,,,,
1250,89.38.69.99,,,,,,,
1251,89.40.183.205,,,,,,,
1252,9.8.17.17,,,,,,,
1253,9.9.17.17,,,,,,,
1254,91.128.182.157,,,,,,,
1255,91.198.77.208,,,,,,,
1256,91.203.5.146,,,,,,,
1257,91.207.173.119,,,,,,,
1258,91.207.174.157,,,,,,,
1259,91.207.28.33,,,,,,,
1260,91.214.124.143,,,,,,,
1261,91.219.237.21,,,,,,,
1262,91.245.81.65,,,,,,,
1263,91.92.191.134,,,,,,,
1264,92.122.88.163,,,,,,,
1265,92.222.125.16,,,,,,,
1266,92.223.89.187,,,,,,,
1267,92.242.40.21,,,,,,,
1268,92.53.96.180,,,,,,,
1269,93.78.205.196,,,,,,,
1270,94.142.241.194,,,,,,,
1271,94.177.248.64,,,,,,,
1272,94.177.253.126,,,,,,,
1273,94.205.247.10,,,,,,,
1274,94.229.72.116,,,,,,,
1275,94.229.72.123,,,,,,,
1276,94.230.208.147,,,,,,,
1277,94.232.41.105,,,,,,,
1278,95.214.54.97,,,,,,,
1279,95.217.221.146,,,,,,,
1280,98.143.70.147,,,,,,,
1281,119.205.197.111,,,,,,,
1282,45.227.253.99,,,,,,,
1283,45.227.253.106,,,,,,,
1284,45.227.253.98,,,,,,,
1285,45.227.253.107,,,,,,,
1286,104.152.52.209,,,,,,,
1287,104.152.52.238,,,,,,,
1288,104.152.52.227,,,,,,,
1289,104.152.52.90,,,,,,,
1290,5.252.176.63,,,,,,,
1291,5.199.173.4,,,,,,,
1292,5.252.176.22,,,,,,,
1293,83.166.240.52,,,,,,,
1294,213.183.48.75,,,,,,,
1295,152.89.196.222,,,,,,,
1296,104.152.52.233,,,,,,,
1297,104.152.52.224,,,,,,,
1298,183.136.225.42,,,,,,,
1299,104.152.52.221,,,,,,,
1300,104.152.52.128,,,,,,,
1301,104.152.52.224,,,,,,,
1302,51.222.30.164,,,,,,,
1303,110.170.30.195,,,,,,,
1304,193.46.84.84,,,,,,,
1305,212.129.21.210,,,,,,,
1306,172.67.34.170,,,,,,,
1307,104.237.62.211,,,,,,,
1308,64.185.227.155,,,,,,,
1309,204.79.197.219,,,,,,,
1310,185.82.216.48,,,,,,,
1311,162.159.135.233,,,,,,,
1312,162.159.133.233,,,,,,,
1313,162.159.130.233,,,,,,,
1314,185.82.216.64,,,,,,,
1315,162.159.129.233,,,,,,,
1316,51.159.136.111,,,,,,,
1317,188.138.33.149,,,,,,,
1318,193.0.213.42,,,,,,,
1319,94.100.6.27,,,,,,,
1320,162.159.134.233,,,,,,,
1321,192.99.43.171,,,,,,,
1322,162.55.91.19,,,,,,,
1323,157.90.183.103,,,,,,,
1324,84.32.188.123,,,,,,,
1325,139.99.126.38,,,,,,,
1326,104.152.52.212,,,,,,,
1327,61.146.158.109,,,,,,,
1328,206.166.251.216,,,,,,,
1329,172.82.86.148,,,,,,,
1330,197.155.234.157,,,,,,,
1331,220.225.126.55,,,,,,,
1332,125.141.139.9,,,,,,,
1333,200.70.56.204,,,,,,,
1334,45.133.1.173,,,,,,,
1335,91.215.85.209,,,,,,,
1336,129.153.135.83,,,,,,,
1337,132.148.79.222,,,,,,,
1338,45.154.24.57,,,,,,,
1339,45.85.235.39,,,,,,,
1340,129.153.22.231,,,,,,,
1341,129.213.54.49,,,,,,,
1342,129.80.164.200,,,,,,,
1343,144.172.126.136,,,,,,,
1344,185.87.148.132,,,,,,,
1345,193.122.200.171,,,,,,,
1346,192.9.135.73,,,,,,,
1347,132.148.73.117,,,,,,,
1348,89.116.131.40,,,,,,,
1349,103.42.56.15,,,,,,,
1350,103.233.103.85,,,,,,,
1351,139.99.30.176,,,,,,,
1352,82.98.180.154,,,,,,,
1353,46.101.175.170,,,,,,,
1354,103.9.36.172,,,,,,,
1355,103.70.29.126,,,,,,,
1356,91.121.146.47,,,,,,,
1357,103.70.29.165,,,,,,,
1358,144.91.122.102,,,,,,,
1359,85.10.248.28,,,,,,,
1360,185.4.135.27,,,,,,,
1361,80.211.3.13,,,,,,,
1362,139.162.113.169,,,,,,,
1363,120.50.40.185,,,,,,,
1364,139.59.14.223,,,,,,,
1365,188.214.241.242,,,,,,,
1366,144.91.122.100,,,,,,,
1367,167.99.141.108,,,,,,,
1368,37.59.74.180,,,,,,,
1369,194.9.172.107,,,,,,,
1370,144.91.122.94,,,,,,,
1371,194.233.68.48,,,,,,,
1372,89.31.56.58,,,,,,,
1373,134.209.247.135,,,,,,,
1374,89.39.105.108,,,,,,,
1375,5.252.190.24,,,,,,,
1376,5.252.190.1,,,,,,,
1377,138.197.152.201,,,,,,,
1378,209.97.137.33,,,,,,,
1379,94.23.84.94,,,,,,,
1380,94.32.66.56,,,,,,,
1381,109.169.46.59,,,,,,,
1382,176.31.110.165,,,,,,,
1383,192.169.69.26,,,,,,,
1384,212.193.30.230,,,,,,,
1385,104.237.62.211,,,,,,,
1386,199.188.205.55,,,,,,,
1387,142.251.16.108,,,,,,,
1388,62.149.128.45,,,,,,,
1389,194.165.16.4,,,,,,,
1390,194.165.16.5,,,,,,,
1391,194.165.16.6,,,,,,,
1392,194.165.16.8,,,,,,,
1393,194.165.16.10,,,,,,,
1394,194.165.16.11,,,,,,,
1395,194.165.16.12,,,,,,,
1396,194.165.16.13,,,,,,,
1397,194.165.16.14,,,,,,,
1398,194.165.16.15,,,,,,,
1399,194.165.16.18,,,,,,,
1400,194.165.16.19,,,,,,,
1401,194.165.16.22,,,,,,,
1402,107.6.74.76,,,,,,,
1403,193.32.162.190,,,,,,,
1404,104.152.52.141,,,,,,,
1405,78.157.209.228,,,,,,,
1406,94.32.66.56,,,,,,,
1407,177.87.64.25,,,,,,,
1408,109.169.46.59,,,,,,,
1409,176.31.110.165,,,,,,,
1410,91.203.192.78,,,,,,,
1411,80.66.75.254,,,,,,,
1412,31.13.65.52,,,,,,,
1413,176.113.115.136,,,,,,,
1414,80.66.75.4,,,,,,,
1415,176.113.115.239,,,,,,,
1416,176.113.115.135,,,,,,,
1417,45.143.201.238,,,,,,,
1418,176.113.115.84,,,,,,,
1419,31.13.65.174,,,,,,,
1420,142.250.176.196,,,,,,,
1421,34.117.59.81,,,,,,,
1422,20.84.181.62,,,,,,,
1423,77.75.78.104,,,,,,,
1424,104.47.53.36,,,,,,,
1425,20.112.52.29,,,,,,,
1426,104.18.13.33,,,,,,,
1427,93.115.25.10,,,,,,,
1428,212.227.17.186,,,,,,,
1429,142.251.40.131,,,,,,,
1430,69.10.32.149,,,,,,,
1431,66.23.234.229,,,,,,,
1432,193.32.162.190,,,,,,,
1433,217.160.0.36,,,,,,,
1434,104.20.67.143,,,,,,,
1435,104.20.68.143,,,,,,,
1436,172.67.34.170,,,,,,,
1437,193.161.193.99,,,,,,,
1438,209.25.140.211,,,,,,,
1439,209.25.140.229,,,,,,,
1440,3.68.56.232,,,,,,,
1441,3.67.15.169,,,,,,,
1442,18.198.77.177,,,,,,,
1443,52.28.112.211,,,,,,,
1444,185.230.55.72,,,,,,,
1445,3.125.223.134,,,,,,,
1446,3.125.209.94,,,,,,,
1447,3.124.142.205,,,,,,,
1448,35.158.159.254,,,,,,,
1449,3.126.224.214,,,,,,,
1450,3.125.188.168,,,,,,,
1451,18.192.31.165,,,,,,,
1452,3.67.161.133,,,,,,,
1453,3.64.4.198,,,,,,,
1454,209.25.140.212,,,,,,,
1455,18.158.58.205,,,,,,,
1456,212.187.4.161,,,,,,,
1457,45.140.147.214,,,,,,,
1458,172.67.34.170,,,,,,,
1459,104.20.67.143,,,,,,,
1460,104.20.68.143,,,,,,,
1461,34.117.59.81,,,,,,,
1462,199.59.243.223,,,,,,,
1463,212.32.237.92,,,,,,,
1464,212.32.237.90,,,,,,,
1465,212.32.237.101,,,,,,,
1466,23.82.12.32,,,,,,,
1467,76.223.26.96,,,,,,,
1468,188.120.194.101,,,,,,,
1469,104.18.114.97,,,,,,,
1470,104.18.115.97,,,,,,,
1471,173.248.22.227,,,,,,,
1472,178.214.221.89,,,,,,,
1473,69.144.171.44,,,,,,,
1474,98.222.64.184,,,,,,,
1475,173.248.31.1,,,,,,,
1476,98.246.210.27,,,,,,,
1477,71.194.36.73,,,,,,,
1478,24.19.25.40,,,,,,,
1479,208.123.130.173,,,,,,,
1480,24.220.92.193,,,,,,,
1481,109.86.226.85,,,,,,,
1482,66.196.61.218,,,,,,,
1483,65.33.236.173,,,,,,,
1484,69.163.81.211,,,,,,,
1485,173.248.31.6,,,,,,,
1486,71.99.130.24,,,,,,,
1487,68.119.5.32,,,,,,,
1488,64.111.36.35,,,,,,,
1489,173.248.27.163,,,,,,,
1490,97.92.125.74,,,,,,,
1491,98.204.215.92,,,,,,,
1492,24.148.217.188,,,,,,,
1493,93.185.4.90,,,,,,,
1494,193.122.130.0,,,,,,,
1495,132.226.247.73,,,,,,,
1496,132.226.8.169,,,,,,,
1497,173.216.247.74,,,,,,,
1498,193.122.6.168,,,,,,,
1499,84.246.161.47,,,,,,,
1500,77.48.30.156,,,,,,,
1501,158.101.44.242,,,,,,,
1502,76.84.81.120,,,,,,,
1503,24.148.217.188,,,,,,,
1504,216.254.231.11,,,,,,,
1505,72.174.240.148,,,,,,,
1506,63.248.156.246,,,,,,,
1507,72.175.10.116,,,,,,,
1508,74.116.183.136,,,,,,,
1509,64.111.36.52,,,,,,,
1510,178.222.250.35,,,,,,,
1511,85.135.104.170,,,,,,,
1512,217.168.210.122,,,,,,,
1513,104.174.123.66,,,,,,,
1514,24.33.131.116,,,,,,,
1515,24.220.92.193,,,,,,,
1516,188.255.239.34,,,,,,,
1517,185.180.143.49,,,,,,,
1518,193.32.162.190,,,,,,,
1519,104.152.52.149,,,,,,,
1520,128.14.134.134,,,,,,,
1521,128.14.209.162,,,,,,,
1522,104.152.52.134,,,,,,,
1523,71.6.232.24,,,,,,,
1524,94.102.49.193,,,,,,,
1525,193.163.125.81,,,,,,,
1526,64.62.197.164,,,,,,,
1527,185.142.236.34,,,,,,,
1528,162.142.125.241,,,,,,,
1529,66.240.236.109,,,,,,,
1530,94.102.61.42,,,,,,,
1531,184.105.247.252,,,,,,,
1532,162.142.125.238,,,,,,,
1533,162.142.125.91,,,,,,,
1534,79.110.49.162,,,,,,,
1535,111.90.150.186,,,,,,,
1536,139.45.197.251,,,,,,,
1537,118.123.05.85,,,,,,,
1538,222.186.13.133,,,,,,,
1539,1.254.24.19,,,,,,,
1540,185.152.67.39,,,,,,,
1541,70.39.103.3,,,,,,,
1542,66.187.75.186,,,,,,,
1543,104.223.86.8,,,,,,,
1544,100.21.104.112,,,,,,,
1545,23.95.182.5,,,,,,,
1546,78.141.223.50,,,,,,,
1547,116.202.251.38,,,,,,,
1548,89.44.9.202,,,,,,,
1549,192.185.5.189,,,,,,,
1550,162.241.248.14,,,,,,,
1551,179.43.151.196,,,,,,,
1552,45.82.250.186,,,,,,,
1553,162.19.3.23,,,,,,,
1554,144.217.92.197,,,,,,,
1555,23.29.115.171,,,,,,,
1556,167.114.188.40,,,,,,,
1557,91.234.199.179,,,,,,,
1558,139.45.197.245,,,,,,,
1559,151.101.66.114,,,,,,,
1560,139.45.197.244,,,,,,,
1561,104.152.52.151,,,,,,,
1562,92.63.197.89,,,,,,,
1563,65.60.34.98,,,,,,,
1564,78.128.113.94,,,,,,,
1565,206.191.159.104,,,,,,,
1566,79.124.40.78,,,,,,,
1567,43.131.23.30,,,,,,,
1568,20.160.14.171,,,,,,,
1569,80.66.83.120,,,,,,,
1570,185.156.73.90,,,,,,,
1571,20.204.19.129,,,,,,,
1572,104.156.155.2,,,,,,,
1573,80.66.83.121,,,,,,,
1574,80.66.83.122,,,,,,,
1575,104.156.155.2,,,,,,,
1576,151.101.2.114,,,,,,,
1577,100.26.177.234,,,,,,,
1578,89.44.9.133,,,,,,,
1579,47.108.219.17,,,,,,,
1580,47.108.219.177,,,,,,,
1581,140.82.23.123,,,,,,,
1582,52.31.239.60,,,,,,,
1583,36.140.76.50,,,,,,,
1584,146.70.149.251,,,,,,,
1585,140.82.23.123,,,,,,,
1586,124.220.78.192,,,,,,,
1587,150.109.246.198,,,,,,,
1588,167.71.51.239,,,,,,,
1589,192.241.131.103,,,,,,,
1590,103.133.176.247,,,,,,,
1591,106.54.181.10,,,,,,,
1592,198.211.58.80,,,,,,,
1593,43.153.222.28,,,,,,,
1594,140.143.147.47,,,,,,,
1595,119.23.233.237,,,,,,,
1596,154.211.18.108,,,,,,,
1597,45.136.15.77,,,,,,,
1598,182.92.131.14,,,,,,,
1599,168.100.10.226,,,,,,,
1600,123.253.226.130,,,,,,,
1601,103.79.186.73,,,,,,,
1602,104.243.26.109,,,,,,,
1603,123.253.226.156,,,,,,,
1604,160.202.47.43,,,,,,,
1605,47.103.73.131,,,,,,,
1606,47.97.209.73,,,,,,,
1607,185.117.0.233,,,,,,,
1608,185.74.254.12,,,,,,,
1609,185.224.137.54,,,,,,,
1610,185.11.61.65,,,,,,,
1611,80.66.88.145,,,,,,,
1612,107.181.161.200,,,,,,,
1613,85.239.53.49,,,,,,,
1614,45.66.248.189,,,,,,,
1615,185.253.96.117,,,,,,,
1616,3.127.59.75,,,,,,,
1617,3.121.139.82,,,,,,,
1618,3.127.253.86,,,,,,,
1619,172.94.40.145,,,,,,,
1620,185.239.86.65,,,,,,,
1621,88.119.169.73,,,,,,,
1622,88.119.169.96,,,,,,,
1623,103.96.128.40,,,,,,,
1624,207.148.127.66,,,,,,,
1625,38.6.163.99,,,,,,,
1626,149.28.176.160,,,,,,,
1627,165.232.41.18,,,,,,,
1628,34.100.240.82,,,,,,,
1629,85.239.52.212,,,,,,,
1630,194.5.212.74,,,,,,,
1631,193.56.255.153,,,,,,,
1632,3.67.112.102,,,,,,,
1633,3.127.181.115,,,,,,,
1634,94.156.6.253,,,,,,,
1635,179.13.6.226,,,,,,,
1636,199.127.60.151,,,,,,,
1637,37.1.222.105,,,,,,,
1638,185.149.146.252,,,,,,,
1639,172.86.70.168,,,,,,,
1640,91.109.180.3,,,,,,,
1641,175.178.79.10,,,,,,,
1642,195.201.248.117,,,,,,,
1643,5.75.209.196,,,,,,,
1644,47.118.48.188,,,,,,,
1645,139.9.41.156,,,,,,,
1646,139.155.42.254,,,,,,,
1647,124.71.84.65,,,,,,,
1648,124.71.212.123,,,,,,,
1649,1.117.93.65,,,,,,,
1650,123.56.128.182,,,,,,,
1651,206.238.42.198,,,,,,,
1652,151.236.9.117,,,,,,,
1653,111.229.9.117,,,,,,,
1654,193.149.129.81,,,,,,,
1655,83.220.169.211,,,,,,,
1656,47.104.221.243,,,,,,,
1657,81.68.214.122,,,,,,,
1658,81.68.197.3,,,,,,,
1659,82.156.147.183,,,,,,,
1660,103.255.177.55,,,,,,,
1661,45.61.136.133,,,,,,,
1662,43.143.145.131,,,,,,,
1663,216.41.162.172,,,,,,,
1664,182.92.202.43,,,,,,,
1665,149.28.82.193,,,,,,,
1666,147.182.229.244,,,,,,,
1667,101.43.90.184,,,,,,,
1668,45.93.137.224,,,,,,,
1669,45.63.70.57,,,,,,,
1670,5.188.87.58,,,,,,,
1671,112.253.30.50,,,,,,,
1672,50.22.208.143,,,,,,,
1673,94.158.244.54,,,,,,,
1674,94.156.102.209,,,,,,,
1675,5.181.190.113,,,,,,,
1676,185.254.37.243,,,,,,,
1677,176.123.1.132,,,,,,,
1678,152.89.170.203,,,,,,,
1679,159.89.194.250,,,,,,,
1680,188.68.242.169,,,,,,,
1681,94.130.144.19,,,,,,,
1682,95.163.168.155,,,,,,,
1683,38.145.203.20,,,,,,,
1684,37.59.41.105,,,,,,,
1685,35.174.153.211,,,,,,,
1686,79.110.48.58,,,,,,,
1687,185.236.228.8,,,,,,,
1688,37.49.226.210,,,,,,,
1689,47.236.27.105,,,,,,,
1690,185.225.75.242,,,,,,,
1691,193.142.58.208,,,,,,,
1692,100.42.74.199,,,,,,,
1693,172.104.142.200,,,,,,,
1694,68.233.113.39,,,,,,,
1695,23.95.128.195,,,,,,,
1696,13.114.196.60,,,,,,,
1697,13.125.88.10,,,,,,,
1698,38.54.1.107,,,,,,,
1699,104.219.238.249,,,,,,,
1700,142.250.181.234,,,,,,,
1701,151.101.194.114,,,,,,,
1702,192.161.184.21,,,,,,,
1703,185.225.69.226,,,,,,,
1704,185.225.68.37,,,,,,,
1705,185.202.0.111,,,,,,,
1706,212.18.104.6,,,,,,,
1707,85.159.229.62,,,,,,,
1708,206.71.149.46,,,,,,,
1709,31.31.196.208,,,,,,,
1710,91.199.147.226,,,,,,,
1711,101.200.62.94,,,,,,,
1712,101.32.72.240,,,,,,,
1713,101.33.200.235,,,,,,,
1714,101.33.244.132,,,,,,,
1715,101.33.245.135,,,,,,,
1716,101.34.249.226,,,,,,,
1717,101.34.58.211,,,,,,,
1718,101.35.184.3,,,,,,,
1719,101.35.21.69,,,,,,,
1720,101.35.234.201,,,,,,,
1721,101.35.54.237,,,,,,,
1722,101.42.0.252,,,,,,,
1723,101.43.129.91,,,,,,,
1724,101.43.1.44,,,,,,,
1725,101.43.149.73,,,,,,,
1726,101.43.49.244,,,,,,,
1727,101.43.67.24,,,,,,,
1728,101.58.21.235,,,,,,,
1729,102.117.68.85,,,,,,,
1730,102.117.97.209,,,,,,,
1731,102.135.162.84,,,,,,,
1732,102.33.133.189,,,,,,,
1733,102.33.4.185,,,,,,,
1734,103.106.190.183,,,,,,,
1735,103.118.42.176,,,,,,,
1736,103.140.187.203,,,,,,,
1737,103.145.23.11,,,,,,,
1738,103.176.145.162,,,,,,,
1739,103.27.186.184,,,,,,,
1740,103.42.31.11,,,,,,,
1741,192.243.59.20,,,,,,,
1742,173.233.137.44,,,,,,,
1743,45.153.231.193,,,,,,,
1744,192.243.61.227,,,,,,,
1745,185.25.50.60,,,,,,,
1746,135.125.78.187,,,,,,,
1747,45.14.227.55,,,,,,,
1748,94.156.253.109,,,,,,,
1749,171.22.28.224,,,,,,,
1750,94.142.138.44,,,,,,,
1751,77.91.124.55,,,,,,,
1752,52.60.155.85,,,,,,,
1753,45.144.233.162,,,,,,,
1754,91.231.186.126,,,,,,,
1755,121.40.119.94,,,,,,,
1756,35.76.124.230,,,,,,,
1757,74.235.187.46,,,,,,,
1758,124.221.206.123,,,,,,,
1759,114.132.197.186,,,,,,,
1760,192.153.57.191,,,,,,,
1761,206.188.196.120,,,,,,,
1762,206.166.251.177,,,,,,,
1763,45.94.42.61,,,,,,,
1764,103.241.72.56,,,,,,,
1765,103.39.78.153,,,,,,,
1766,103.97.176.111,,,,,,,
1767,103.99.178.222,,,,,,,
1768,104.128.89.171,,,,,,,
1769,104.129.20.190,,,,,,,
1770,104.168.165.91,,,,,,,
1771,104.168.201.195,,,,,,,
1772,104.168.201.218,,,,,,,
1773,104.168.59.4,,,,,,,
1774,104.194.247.89,,,,,,,
1775,104.198.153.240,,,,,,,
1776,188.114.96.0,,,,,,,
1777,51.77.121.145,,,,,,,
1778,45.153.231.193,,,,,,,
1779,164.90.194.65,,,,,,,
1780,103.187.191.238,,,,,,,
1781,104.233.150.188,,,,,,,
1782,104.238.150.58,,,,,,,
1783,104.243.35.241,,,,,,,
1784,104.248.105.64,,,,,,,
1785,104.248.242.202,,,,,,,
1786,104.248.88.172,,,,,,,
1787,106.14.144.30,,,,,,,
1788,106.14.59.171,,,,,,,
1789,106.55.181.95,,,,,,,
1790,106.75.232.107,,,,,,,
1791,107.148.238.73,,,,,,,
1792,107.172.143.135,,,,,,,
1793,107.172.157.141,,,,,,,
1794,107.172.196.149,,,,,,,
1795,107.173.244.160,,,,,,,
1796,107.174.68.34,,,,,,,
1797,107.175.214.250,,,,,,,
1798,107.175.219.34,,,,,,,
1799,107.189.5.211,,,,,,,
1800,108.177.235.191,,,,,,,
1801,109.104.154.124,,,,,,,
1802,109.123.231.70,,,,,,,
1803,109.123.251.235,,,,,,,
1804,110.173.59.146,,,,,,,
1805,110.173.59.147,,,,,,,
1806,110.42.213.232,,,,,,,
1807,112.11.250.114,,,,,,,
1808,112.72.177.227,,,,,,,
1809,114.115.165.215,,,,,,,
1810,1.14.127.220,,,,,,,
1811,114.132.124.179,,,,,,,
1812,114.132.156.55,,,,,,,
1813,114.132.73.232,,,,,,,
1814,1.14.32.41,,,,,,,
1815,1.15.248.225,,,,,,,
1816,1.15.42.6,,,,,,,
1817,116.202.181.44,,,,,,,
1818,116.202.66.76,,,,,,,
1819,116.203.203.130,,,,,,,
1820,117.210.177.158,,,,,,,
1821,117.210.178.141,,,,,,,
1822,117.211.41.226,,,,,,,
1823,103.56.61.139,,,,,,,
1824,167.94.138.104,,,,,,,
1825,167.94.138.132,,,,,,,
1826,184.105.247.232,,,,,,,
1827,95.211.189.152,,,,,,,
1828,208.91.196.145,,,,,,,
1829,139.45.197.252,,,,,,,
1830,80.91.223.137,,,,,,,
1831,23.106.122.5,,,,,,,
1832,23.106.122.46,,,,,,,
1833,23.106.123.166,,,,,,,
1834,42.119.111.97,,,,,,,
1835,115.126.98.204,,,,,,,
1836,118.99.6.202,,,,,,,
1837,199.231.211.19,,,,,,,
1838,104.26.6.228,,,,,,,
1839,192.243.61.225,,,,,,,
1840,80.66.79.252,,,,,,,
1841,173.233.137.36,,,,,,,
1842,23.254.228.135,,,,,,,
1843,23.252.167.35,,,,,,,
1844,34.98.99.30,,,,,,,
1845,66.102.253.30,,,,,,,
1846,98.126.8.114,,,,,,,
1847,103.25.9.245,,,,,,,
1848,103.233.83.245,,,,,,,
1849,103.240.141.50,,,,,,,
1850,104.247.217.167,,,,,,,
1851,113.10.246.145,,,,,,,
1852,119.147.145.198,,,,,,,
1853,142.0.138.41,,,,,,,
1854,142.0.138.42,,,,,,,
1855,142.0.138.43,,,,,,,
1856,142.0.138.44,,,,,,,
1857,142.4.106.73,,,,,,,
1858,142.4.106.74,,,,,,,
1859,142.4.106.75,,,,,,,
1860,142.4.106.76,,,,,,,
1861,162.251.95.209,,,,,,,
1862,174.139.217.145,,,,,,,
1863,183.56.173.144,,,,,,,
1864,183.56.173.156,,,,,,,
1865,183.60.202.2,,,,,,,
1866,183.136.213.96,,,,,,,
1867,192.74.236.33,,,,,,,
1868,192.74.236.34,,,,,,,
1869,192.74.236.35,,,,,,,
1870,192.74.236.36,,,,,,,
1871,203.12.202.137,,,,,,,
1872,65.21.22.78,,,,,,,
1873,135.181.181.50,,,,,,,
1874,43.207.220.94,,,,,,,
1875,185.91.127.166,,,,,,,
1876,121.101.93.224 ,,,,,,,
1877,173.233.137.60,,,,,,,
1878,34.209.143.180,,,,,,,
1879,103.224.182.206,,,,,,,
1880,124.70.18.96,,,,,,,
1881,124.70.19.189,,,,,,,
1882,124.70.82.229,,,,,,,
1883,124.71.215.112,,,,,,,
1884,124.71.230.106,,,,,,,
1885,125.44.11.135,,,,,,,
1886,128.1.163.98,,,,,,,
1887,128.199.151.179,,,,,,,
1888,128.199.206.238,,,,,,,
1889,129.159.135.74,,,,,,,
1890,129.204.192.9,,,,,,,
1891,129.211.212.43,,,,,,,
1892,129.213.75.61,,,,,,,
1893,130.51.20.132,,,,,,,
1894,130.61.124.23,,,,,,,
1895,13.113.45.138,,,,,,,
1896,132.148.76.116,,,,,,,
1897,13.229.94.121,,,,,,,
1898,13.231.62.230,,,,,,,
1899,13.239.102.0,,,,,,,
1900,13.39.25.217,,,,,,,
1901,134.122.20.237,,,,,,,
1902,13.50.114.99,,,,,,,
1903,135.125.233.126,,,,,,,
1904,135.125.236.177,,,,,,,
1905,136.228.40.23,,,,,,,
1906,136.239.62.141,,,,,,,
1907,137.175.12.37,,,,,,,
1908,137.175.12.38,,,,,,,
1909,137.184.57.89,,,,,,,
1910,137.184.78.220,,,,,,,
1911,137.220.133.105,,,,,,,
1912,138.197.224.55,,,,,,,
1913,138.2.118.80,,,,,,,
1914,138.68.123.125,,,,,,,
1915,139.144.19.118,,,,,,,
1916,139.144.19.169,,,,,,,
1917,139.144.27.201,,,,,,,
1918,139.144.63.84,,,,,,,
1919,139.159.203.44,,,,,,,
1920,34.82.20.84,,,,,,,
1921,200.170.234.190,,,,,,,
1922,45.95.146.26,,,,,,,
1923,95.81.89.228,,,,,,,
1924,94.102.61.20,,,,,,,
1925,71.6.134.234,,,,,,,
1926,91.119.152.242,,,,,,,
1927,89.236.239.25,,,,,,,
1928,87.210.207.175,,,,,,,
1929,87.175.186.113,,,,,,,
1930,85.208.253.195,,,,,,,
1931,76.182.238.50,,,,,,,
1932,75.109.235.222,,,,,,,
1933,73.252.12.205,,,,,,,
1934,73.15.203.143,,,,,,,
1935,70.44.38.158,,,,,,,
1936,64.92.48.47,,,,,,,
1937,64.62.197.105,,,,,,,
1938,64.226.119.58,,,,,,,
1939,61.93.186.125,,,,,,,
1940,50.195.196.190,,,,,,,
1941,49.228.103.199,,,,,,,
1942,45.79.45.132,,,,,,,
1943,45.129.14.71,,,,,,,
1944,43.159.62.25,,,,,,,
1945,43.156.42.214,,,,,,,
1946,43.156.208.217,,,,,,,
1947,43.153.76.36,,,,,,,
1948,43.153.193.131,,,,,,,
1949,43.153.105.201,,,,,,,
1950,43.134.174.158,,,,,,,
1951,43.134.101.34,,,,,,,
1952,41.223.66.18,,,,,,,
1953,38.113.162.153,,,,,,,
1954,35.195.253.121,,,,,,,
1955,34.91.0.68,,,,,,,
1956,24.96.146.66,,,,,,,
1957,24.1.124.227,,,,,,,
1958,205.210.31.241,,,,,,,
1959,205.210.31.15,,,,,,,
1960,203.186.102.230,,,,,,,
1961,202.137.154.92,,,,,,,
1962,202.123.31.46,,,,,,,
1963,198.235.24.99,,,,,,,
1964,198.235.24.233,,,,,,,
1965,193.186.6.70,,,,,,,
1966,193.3.19.167,,,,,,,
1967,193.41.237.173,,,,,,,
1968,193.42.32.101,,,,,,,
1969,193.42.32.143,,,,,,,
1970,193.8.195.40,,,,,,,
1971,193.92.182.99,,,,,,,
1972,194.156.90.168,,,,,,,
1973,194.195.124.89,,,,,,,
1974,194.209.7.60,,,,,,,
1975,194.233.164.157,,,,,,,
1976,194.26.29.99,,,,,,,
1977,194.32.79.49,,,,,,,
1978,194.87.68.191,,,,,,,
1979,195.123.240.41,,,,,,,
1980,195.148.22.190,,,,,,,
1981,195.161.114.104,,,,,,,
1982,195.201.11.33,,,,,,,
1983,195.58.52.46,,,,,,,
1984,198.12.71.26,,,,,,,
1985,198.148.124.47,,,,,,,
1986,198.211.18.122,,,,,,,
1987,198.211.45.49,,,,,,,
1988,198.23.137.135,,,,,,,
1989,198.23.138.31,,,,,,,
1990,198.244.135.226,,,,,,,
1991,198.244.135.232,,,,,,,
1992,199.247.11.253,,,,,,,
1993,200.69.21.128,,,,,,,
1994,200.98.135.38,,,,,,,
1995,20.104.78.25,,,,,,,
1996,20.111.41.168,,,,,,,
1997,201.150.182.11,,,,,,,
1998,20.151.239.27,,,,,,,
1999,20.169.253.198,,,,,,,
2000,20.208.130.67,,,,,,,
2001,20.216.46.144,,,,,,,
2002,20.238.17.238,,,,,,,
2003,20.243.210.182,,,,,,,
2004,202.61.236.206,,,,,,,
2005,202.95.15.23,,,,,,,
2006,221.160.250.219,,,,,,,
2007,223.165.6.123,,,,,,,
2008,223.8.8.135,,,,,,,
2009,23.105.131.158,,,,,,,
2010,23.105.193.194,,,,,,,
2011,23.105.215.245,,,,,,,
2012,23.159.160.162,,,,,,,
2013,23.28.56.148,,,,,,,
2014,23.82.141.146,,,,,,,
2015,23.83.127.233,,,,,,,
2016,23.94.0.19,,,,,,,
2017,23.94.231.150,,,,,,,
2018,23.95.214.210,,,,,,,
2019,23.95.216.28,,,,,,,
2020,24.144.120.20,,,,,,,
2021,24.199.106.201,,,,,,,
2022,2.56.241.244,,,,,,,
2023,2.59.254.20,,,,,,,
2024,27.124.18.14,,,,,,,
2025,27.124.18.15,,,,,,,
2026,27.124.53.95,,,,,,,
2027,27.45.75.173,,,,,,,
2028,27.54.47.98,,,,,,,
2029,3.109.178.110,,,,,,,
2030,3.11.136.243,,,,,,,
2031,3.128.135.199,,,,,,,
2032,3.133.152.144,,,,,,,
2033,3.136.120.137,,,,,,,
2034,3.136.196.153,,,,,,,
2035,3.137.214.117,,,,,,,
2036,3.137.221.216,,,,,,,
2037,3.144.204.237,,,,,,,
2038,3.16.12.37,,,,,,,
2039,3.19.223.137,,,,,,,
2040,3.212.45.2,,,,,,,
2041,3.22.216.255,,,,,,,
2042,3.229.169.230,,,,,,,
2043,3.233.242.75,,,,,,,
2044,3.235.153.136,,,,,,,
2045,3.250.131.188,,,,,,,
2046,3.35.191.234,,,,,,,
2047,34.102.116.58,,,,,,,
2048,34.120.113.25,,,,,,,
2049,96.78.175.36,,,,,,,
2050,95.76.220.209,,,,,,,
2051,94.63.214.152,,,,,,,
2052,94.237.66.93,,,,,,,
2053,92.119.121.20,,,,,,,
2054,91.92.244.25,,,,,,,
2055,85.121.204.22,,,,,,,
2056,8.219.79.23,,,,,,,
2057,8.212.49.10,,,,,,,
2058,8.210.174.140,,,,,,,
2059,8.20.22.58,,,,,,,
2060,74.50.81.16,,,,,,,
2061,73.180.253.64,,,,,,,
2062,73.170.146.249,,,,,,,
2063,69.49.247.81,,,,,,,
2064,68.255.200.172,,,,,,,
2065,68.183.24.108,,,,,,,
2066,68.183.209.231,,,,,,,
2067,68.116.41.2,,,,,,,
2068,66.240.236.116,,,,,,,
2069,65.20.250.102,,,,,,,
2070,64.227.3.169,,,,,,,
2071,64.225.98.35,,,,,,,
2072,62.193.79.202,,,,,,,
2073,54.39.144.25,,,,,,,
2074,5.61.26.91,,,,,,,
2075,5.200.70.148,,,,,,,
2076,45.79.128.205,,,,,,,
2077,43.224.48.86,,,,,,,
2078,43.159.59.110,,,,,,,
2079,43.159.129.205,,,,,,,
2080,43.156.38.16,,,,,,,
2081,43.156.132.100,,,,,,,
2082,43.156.117.232,,,,,,,
2083,43.156.106.77,,,,,,,
2084,43.156.0.112,,,,,,,
2085,43.155.90.122,,,,,,,
2086,43.153.90.114,,,,,,,
2087,43.153.8.212,,,,,,,
2088,43.153.55.182,,,,,,,
2089,43.153.37.157,,,,,,,
2090,43.153.208.27,,,,,,,
2091,43.153.196.72,,,,,,,
2092,43.153.19.25,,,,,,,
2093,95.164.151.34 ,,,,,,,
2094,103.148.245.235,,,,,,,
2095,103.108.67.191,,,,,,,
2096,5.149.249.74,,,,,,,
2097,154.53.56.231,,,,,,,
2098,154.53.63.93,,,,,,,
2099,192.3.101.111,,,,,,,
2100,37.1.210.7,,,,,,,
2101,91.102.11.36,,,,,,,
2102,45.59.185.134,,,,,,,
2103,116.169.1.254,,,,,,,
2104,146.190.123.78,,,,,,,
2105,139.162.153.145,,,,,,,
2106,103.214.22.59,,,,,,,
2107,159.223.207.233,,,,,,,
2108,24.144.90.137,,,,,,,
2109,146.190.173.162,,,,,,,
2110,164.92.114.166,,,,,,,
2111,45.77.43.24,,,,,,,
2112,64.190.113.5,,,,,,,
2113,146.190.134.234,,,,,,,
2114,54.243.19.140,,,,,,,
2115,172.104.140.191,,,,,,,
2116,176.97.75.57,,,,,,,
2117,146.190.133.67,,,,,,,
2118,172.104.134.5,,,,,,,
2119,137.184.15.64,,,,,,,
2120,24.199.106.43,,,,,,,
2121,164.92.98.124,,,,,,,
2122,159.223.205.233,,,,,,,
2123,146.190.145.46,,,,,,,
2124,59.148.233.250,,,,,,,
2125,24.144.86.251,,,,,,,
2126,159.223.194.163,,,,,,,
2127,137.184.7.106,,,,,,,
2128,170.187.187.229,,,,,,,
2129,24.199.99.201,,,,,,,
2130,146.70.94.236,,,,,,,
2131,162.240.159.247,,,,,,,
2132,164.92.80.197,,,,,,,
2133,143.198.48.112,,,,,,,
2134,143.110.144.97,,,,,,,
2135,172.105.248.78,,,,,,,
2136,207.148.99.46,,,,,,,
2137,104.21.21.50,,,,,,,
2138,224.0.0.252,,,,,,,
2139,216.118.101.81,,,,,,,
2140,216.118.101.87,,,,,,,
2141,216.118.101.90,,,,,,,
2142,216.118.101.94,,,,,,,
2143,216.118.101.95,,,,,,,
2144,216.127.187.83,,,,,,,
2145,217.182.170.11,,,,,,,
2146,219.79.121.147,,,,,,,
2147,220.115.56.80,,,,,,,
2148,34.134.52.163,,,,,,,
2149,34.135.93.92,,,,,,,
2150,34.139.151.142,,,,,,,
2151,34.140.146.194,,,,,,,
2152,34.149.169.142,,,,,,,
2153,34.175.0.236,,,,,,,
2154,34.196.122.20,,,,,,,
2155,34.200.191.29,,,,,,,
2156,34.215.75.141,,,,,,,
2157,34.235.32.7,,,,,,,
2158,34.243.38.236,,,,,,,
2159,34.250.248.33,,,,,,,
2160,34.69.212.37,,,,,,,
2161,34.92.140.11,,,,,,,
2162,35.162.127.13,,,,,,,
2163,35.180.21.188,,,,,,,
2164,35.194.230.206,,,,,,,
2165,35.194.254.100,,,,,,,
2166,35.197.164.151,,,,,,,
2167,35.212.172.98,,,,,,,
2168,35.220.132.44,,,,,,,
2169,35.232.112.155,,,,,,,
2170,35.242.202.192,,,,,,,
2171,35.78.243.160,,,,,,,
2172,35.85.136.22,,,,,,,
2173,36.228.7.10,,,,,,,
2174,3.67.204.148,,,,,,,
2175,3.69.214.254,,,,,,,
2176,36.94.146.15,,,,,,,
2177,172.232.186.251,,,,,,,
2178,57.128.83.129,,,,,,,
2179,57.128.164.11,,,,,,,
2180,57.128.108.132,,,,,,,
2181,139.99.222.29,,,,,,,
2182,172.232.164.77,,,,,,,
2183,54.37.79.82,,,,,,,
2184,172.232.162.198,,,,,,,
2185,57.128.109.221,,,,,,,
2186,47.96.174.24,,,,,,,
2187,47.98.233.77,,,,,,,
2188,49.12.242.239,,,,,,,
2189,49.13.0.208,,,,,,,
2190,49.233.56.4,,,,,,,
2191,49.234.22.80,,,,,,,
2192,49.247.31.76,,,,,,,
2193,5.101.0.245,,,,,,,
2194,5.101.4.196,,,,,,,
2195,5.101.5.196,,,,,,,
2196,51.103.112.118,,,,,,,
2197,51.116.96.25,,,,,,,
2198,51.124.201.153,,,,,,,
2199,51.159.125.35,,,,,,,
2200,51.195.150.20,,,,,,,
2201,51.250.55.51,,,,,,,
2202,51.254.115.39,,,,,,,
2203,51.254.49.49,,,,,,,
2204,51.255.5.104,,,,,,,
2205,51.38.176.253,,,,,,,
2206,51.38.6.92,,,,,,,
2207,51.77.173.201,,,,,,,
2208,51.79.214.246,,,,,,,
2209,51.81.201.194,,,,,,,
2210,51.91.79.105,,,,,,,
2211,5.196.28.55,,,,,,,
2212,5.206.227.115,,,,,,,
2213,52.202.207.4,,,,,,,
2214,5.22.210.124,,,,,,,
2215,52.231.110.233,,,,,,,
2216,52.30.179.135,,,,,,,
2217,5.230.67.86,,,,,,,
2218,5.252.176.198,,,,,,,
2219,5.254.124.152,,,,,,,
2220,5.255.106.225,,,,,,,
2221,52.62.254.91,,,,,,,
2222,52.66.223.193,,,,,,,
2223,54.144.88.33,,,,,,,
2224,54.151.129.8,,,,,,,
2225,54.164.170.197,,,,,,,
2226,54.191.136.249,,,,,,,
2227,77.91.100.237,,,,,,,
2228,45.67.34.219,,,,,,,
2229,109.123.227.147,,,,,,,
2230,109.123.227.158,,,,,,,
2231,109.123.227.166,,,,,,,
2232,109.123.227.167,,,,,,,
2233,109.123.227.170,,,,,,,
2234,109.123.227.174,,,,,,,
2235,154.38.164.50,,,,,,,
2236,154.38.185.136,,,,,,,
2237,5.180.151.180,,,,,,,
2238,5.180.151.194,,,,,,,
2239,85.239.237.153,,,,,,,
2240,85.239.243.3,,,,,,,
2241,149.28.252.250,,,,,,,
2242,154.38.185.132,,,,,,,
2243,154.38.185.135,,,,,,,
2244,154.38.185.138,,,,,,,
2245,172.232.172.171,,,,,,,
2246,172.232.172.228,,,,,,,
2247,172.232.189.134,,,,,,,
2248,172.232.189.141,,,,,,,
2249,172.232.7.224,,,,,,,
2250,172.234.224.202,,,,,,,
2251,185.187.235.158,,,,,,,
2252,46.250.253.58,,,,,,,
2253,51.161.81.190,,,,,,,
2254,89.117.55.178,,,,,,,
2255,139.144.79.120,,,,,,,
2256,194.26.135.232,,,,,,,
2257,114.115.172.223,,,,,,,
2258,78.46.212.67,,,,,,,
2259,3.138.131.175,,,,,,,
2260,45.76.110.190,,,,,,,
2261,20.120.176.135,,,,,,,
2262,163.172.232.19,,,,,,,
2263,34.28.126.114,,,,,,,
2264,91.92.244.59,,,,,,,
2265,43.138.222.204,,,,,,,
2266,140.246.157.86,,,,,,,
2267,94.198.53.143,,,,,,,
2268,207.148.78.124,,,,,,,
2269,172.245.9.15,,,,,,,
2270,103.143.40.219,,,,,,,
2271,80.66.79.129,,,,,,,
2272,45.155.249.148,,,,,,,
2273,47.122.10.149,,,,,,,
2274,124.156.173.75,,,,,,,
2275,119.91.210.217,,,,,,,
2276,185.78.76.19,,,,,,,
2277,139.180.203.46,,,,,,,
2278,101.35.197.155,,,,,,,
2279,134.175.125.207,,,,,,,
2280,64.227.24.147,,,,,,,
2281,192.52.166.9,,,,,,,
2282,103.253.43.237,,,,,,,
2283,80.78.22.209,,,,,,,
2284,118.195.245.120,,,,,,,
2285,188.166.69.51,,,,,,,
2286,37.156.216.76,,,,,,,
2287,101.43.12.116,,,,,,,
2288,198.12.121.19,,,,,,,
2289,47.242.66.37,,,,,,,
2290,52.91.148.84,,,,,,,
2291,192.71.26.247,,,,,,,
2292,20.9.130.225,,,,,,,
2293,94.241.142.71,,,,,,,
2294,95.182.121.24,,,,,,,
2295,148.113.182.51,,,,,,,
2296,92.38.241.93,,,,,,,
2297,107.172.143.68,,,,,,,
2298,13.48.105.28,,,,,,,
2299,210.16.65.156,,,,,,,
2300,193.36.119.250,,,,,,,
2301,167.172.2.185,,,,,,,
2302,5.230.68.164,,,,,,,
2303,203.25.119.141,,,,,,,
2304,104.248.80.162,,,,,,,
2305,136.244.98.49,,,,,,,
2306,5.161.223.88,,,,,,,
2307,2.139.237.194,,,,,,,
2308,18.135.30.45,,,,,,,
2309,194.67.87.250,,,,,,,
2310,20.28.238.153,,,,,,,
2311,44.216.132.79,,,,,,,
2312,202.155.238.7,,,,,,,
2313,123.56.134.143,,,,,,,
2314,18.184.225.151,,,,,,,
2315,110.42.156.84,,,,,,,
2316,34.236.127.162,,,,,,,
2317,116.202.1.25,,,,,,,
2318,3.140.108.240,,,,,,,
2319,123.60.168.6,,,,,,,
2320,34.79.204.1,,,,,,,
2321,173.249.198.97,,,,,,,
2322,45.81.235.110,,,,,,,
2323,195.20.16.207,,,,,,,
2324,161.35.21.152,,,,,,,
2325,103.42.30.21,,,,,,,
2326,34.239.255.86,,,,,,,
2327,179.96.164.83,,,,,,,
2328,223.155.16.102,,,,,,,
2329,223.155.16.114,,,,,,,
2330,223.155.16.115,,,,,,,
2331,223.155.16.119,,,,,,,
2332,223.155.16.109,,,,,,,
2333,223.155.16.95,,,,,,,
2334,217.208.240.203,,,,,,,
2335,176.123.168.211,,,,,,,
2336,185.211.170.96,,,,,,,
2337,185.172.128.52,,,,,,,
2338,213.195.112.94,,,,,,,
2339,144.126.128.158,,,,,,,
2340,82.65.19.134,,,,,,,
2341,8.217.161.236,,,,,,,
2342,43.129.232.211,,,,,,,
2343,123.60.174.4,,,,,,,
2344,60.204.211.54,,,,,,,
2345,124.71.188.124,,,,,,,
2346,121.37.164.60,,,,,,,
2347,1.94.125.189,,,,,,,
2348,5.8.10.66,,,,,,,
2349,44.222.150.23,,,,,,,
2350,5.8.10.71,,,,,,,
2351,187.135.178.86,,,,,,,
2352,176.113.115.224,,,,,,,
2353,176.113.115.226,,,,,,,
2354,176.113.115.227,,,,,,,
2355,176.113.115.229,,,,,,,
2356,176.113.115.232,,,,,,,
2357,139.59.150.7,,,,,,,
2358,92.204.243.155,,,,,,,
2359,13.250.172.152,,,,,,,
2360,18.143.192.34,,,,,,,
2361,18.166.72.58,,,,,,,
2362,52.221.181.208,,,,,,,
2363,38.59.249.190,,,,,,,
2364,38.60.146.156,,,,,,,
2365,3.8.88.67,,,,,,,
2366,38.91.119.213,,,,,,,
2367,39.100.80.61,,,,,,,
2368,39.101.76.53,,,,,,,
2369,39.106.163.199,,,,,,,
2370,39.107.102.129,,,,,,,
2371,39.108.248.6,,,,,,,
2372,39.98.48.67,,,,,,,
2373,40.66.41.57,,,,,,,
2374,40.76.10.50,,,,,,,
2375,40.76.233.47,,,,,,,
2376,4.194.241.224,,,,,,,
2377,42.192.16.196,,,,,,,
2378,42.193.37.101,,,,,,,
2379,42.227.35.201,,,,,,,
2380,42.239.231.21,,,,,,,
2381,43.128.12.149,,,,,,,
2382,43.129.41.42,,,,,,,
2383,43.131.240.250,,,,,,,
2384,43.132.153.172,,,,,,,
2385,43.133.7.2,,,,,,,
2386,43.133.75.73,,,,,,,
2387,43.134.191.126,,,,,,,
2388,43.136.14.250,,,,,,,
2389,43.136.36.91,,,,,,,
2390,43.136.84.234,,,,,,,
2391,43.138.150.136,,,,,,,
2392,43.138.188.41,,,,,,,
2393,43.138.233.12,,,,,,,
2394,43.138.52.211,,,,,,,
2395,43.138.62.36,,,,,,,
2396,43.143.218.146,,,,,,,
2397,43.143.6.159,,,,,,,
2398,43.153.101.130,,,,,,,
2399,218.92.0.125,,,,,,,
2400,203.167.14.100,,,,,,,
2401,180.101.88.197,,,,,,,
2402,122.180.21.165,,,,,,,
2403,218.56.155.106,,,,,,,
2404,85.104.3.240,,,,,,,
2405,212.70.149.150,,,,,,,
2406,45.165.129.112,,,,,,,
2407,218.92.0.25,,,,,,,
2408,141.98.11.187,,,,,,,
2409,45.165.131.40,,,,,,,
2410,218.92.0.29,,,,,,,
2411,61.81.4.98,,,,,,,
2412,218.92.0.27,,,,,,,
2413,45.165.131.167,,,,,,,
2414,45.165.129.251,,,,,,,
2415,49.161.173.16,,,,,,,
2416,218.92.0.34,,,,,,,
2417,180.150.243.126,,,,,,,
2418,218.92.0.118,,,,,,,
2419,61.177.172.140,,,,,,,
2420,198.199.108.45,,,,,,,
2421,45.165.130.102,,,,,,,
2422,45.165.131.90,,,,,,,
2423,65.20.135.58,,,,,,,
2424,137.184.20.228,,,,,,,
2425,85.209.11.227,,,,,,,
2426,159.223.102.230,,,,,,,
2427,193.35.18.223,,,,,,,
2428,61.177.172.160,,,,,,,
2429,45.165.131.200,,,,,,,
2430,218.92.0.30,,,,,,,
2431,51.162.190.161,,,,,,,
2432,45.165.130.129,,,,,,,
2433,45.165.128.173,,,,,,,
2434,8.142.142.89,,,,,,,
2435,65.20.249.33,,,,,,,
2436,109.9.145.207,,,,,,,
2437,223.84.253.7,,,,,,,
2438,45.165.128.119,,,,,,,
2439,45.129.14.220,,,,,,,
2440,218.92.0.107,,,,,,,
2441,37.44.238.97,,,,,,,
2442,218.92.0.113,,,,,,,
2443,218.92.0.76,,,,,,,
2444,193.233.241.254,,,,,,,
2445,61.177.173.45,,,,,,,
2446,45.165.131.95,,,,,,,
2447,45.165.131.152,,,,,,,
2448,45.165.130.101,,,,,,,
2449,61.177.172.136,,,,,,,
2450,43.133.134.74,,,,,,,
2451,45.165.128.229,,,,,,,
2452,218.92.0.112,,,,,,,
2453,190.78.194.81,,,,,,,
2454,8.242.185.1,,,,,,,
2455,120.221.212.160,,,,,,,
2456,180.101.88.252,,,,,,,
2457,143.55.94.40,,,,,,,
2458,165.90.110.166,,,,,,,
2459,83.191.168.90,,,,,,,
2460,190.107.30.118,,,,,,,
2461,210.66.77.5,,,,,,,
2462,181.233.140.250,,,,,,,
2463,219.76.188.180,,,,,,,
2464,58.27.241.10,,,,,,,
2465,103.175.77.7,,,,,,,
2466,168.0.232.246,,,,,,,
2467,105.96.13.29,,,,,,,
2468,103.68.22.140,,,,,,,
2469,27.72.47.204,,,,,,,
2470,45.167.92.168,,,,,,,
2471,121.173.240.184,,,,,,,
2472,190.72.65.83,,,,,,,
2473,119.15.87.26,,,,,,,
2474,118.181.109.18,,,,,,,
2475,103.194.88.187,,,,,,,
2476,58.239.144.210,,,,,,,
2477,218.92.0.115,,,,,,,
2478,202.70.36.122,,,,,,,
2479,65.20.216.79,,,,,,,
2480,223.75.173.66,,,,,,,
2481,41.223.84.21,,,,,,,
2482,119.74.3.153,,,,,,,
2483,201.210.4.1,,,,,,,
2484,201.210.27.41,,,,,,,
2485,76.29.47.29,,,,,,,
2486,117.160.3.137,,,,,,,
2487,144.24.75.155,,,,,,,
2488,36.110.228.254,,,,,,,
2489,202.86.153.2,,,,,,,
2490,27.116.52.180,,,,,,,
2491,218.28.102.242,,,,,,,
2492,58.208.111.235,,,,,,,
2493,80.94.95.250,,,,,,,
2494,112.199.127.122,,,,,,,
2495,117.50.54.109,,,,,,,
2496,122.168.125.237,,,,,,,
2497,185.196.10.116,,,,,,,
2498,179.131.11.68,,,,,,,
2499,167.71.140.242,,,,,,,
2500,68.179.148.146,,,,,,,
2501,190.107.30.119,,,,,,,
2502,101.91.210.137,,,,,,,
2503,65.20.161.85,,,,,,,
2504,60.28.39.166,,,,,,,
2505,122.166.246.102,,,,,,,
2506,211.207.216.63,,,,,,,
2507,47.184.248.240,,,,,,,
2508,209.122.130.103,,,,,,,
2509,113.59.119.97,,,,,,,
2510,112.25.204.51,,,,,,,
2511,122.151.59.40,,,,,,,
2512,203.210.237.186,,,,,,,
2513,201.182.238.129,,,,,,,
2514,190.38.203.21,,,,,,,
2515,190.38.235.62,,,,,,,
2516,176.37.78.18,,,,,,,
2517,65.20.173.208,,,,,,,
2518,5.202.105.116,,,,,,,
2519,61.153.245.154,,,,,,,
2520,122.160.142.63,,,,,,,
2521,201.242.110.3,,,,,,,
2522,122.4.70.175,,,,,,,
2523,65.20.249.35,,,,,,,
2524,110.166.216.162,,,,,,,
2525,103.157.88.15,,,,,,,
2526,120.195.116.114,,,,,,,
2527,111.184.20.133,,,,,,,
2528,185.92.73.115,,,,,,,
2529,202.165.16.209,,,,,,,
2530,220.182.11.126,,,,,,,
2531,121.236.241.202,,,,,,,
2532,103.157.114.218,,,,,,,
2533,178.182.233.186,,,,,,,
2534,59.93.109.131,,,,,,,
2535,182.76.99.226,,,,,,,
2536,223.84.134.138,,,,,,,
2537,128.73.148.75,,,,,,,
2538,221.8.22.234,,,,,,,
2539,104.210.47.165,,,,,,,
2540,222.77.96.7,,,,,,,
2541,201.210.3.201,,,,,,,
2542,63.47.168.252,,,,,,,
2543,190.38.255.191,,,,,,,
2544,77.100.190.2,,,,,,,
2545,36.64.104.2,,,,,,,
2546,115.238.94.18,,,,,,,
2547,85.209.11.254,,,,,,,
2548,186.88.22.114,,,,,,,
2549,223.197.223.237,,,,,,,
2550,59.4.55.162,,,,,,,
2551,31.184.236.63,,,,,,,
2552,116.211.233.156,,,,,,,
2553,103.100.208.124,,,,,,,
2554,141.98.11.11,,,,,,,
2555,178.176.107.171,,,,,,,
2556,85.209.11.27,,,,,,,
2557,222.77.96.57,,,,,,,
2558,103.120.237.101,,,,,,,
2559,141.98.11.90,,,,,,,
2560,65.20.161.51,,,,,,,
2561,24.150.4.166,,,,,,,
2562,87.244.8.4,,,,,,,
2563,110.172.170.102,,,,,,,
2564,147.235.226.215,,,,,,,
2565,23.112.23.66,,,,,,,
2566,117.158.155.26,,,,,,,
2567,190.78.200.52,,,,,,,
2568,124.65.227.154,,,,,,,
2569,191.36.147.152,,,,,,,
2570,54.223.28.128,,,,,,,
2571,183.6.100.159,,,,,,,
2572,108.199.152.224,,,,,,,
2573,175.139.203.77,,,,,,,
2574,117.203.161.194,,,,,,,
2575,178.242.45.32,,,,,,,
2576,203.124.61.95,,,,,,,
2577,41.207.250.146,,,,,,,
2578,193.13.169.137,,,,,,,
2579,220.164.125.232,,,,,,,
2580,203.115.107.61,,,,,,,
2581,147.235.228.132,,,,,,,
2582,183.233.85.194,,,,,,,
2583,110.39.19.34,,,,,,,
2584,222.186.16.210,,,,,,,
2585,221.124.112.121,,,,,,,
2586,222.186.16.207,,,,,,,
2587,172.97.182.117,,,,,,,
2588,175.198.18.3,,,,,,,
2589,218.153.87.47,,,,,,,
2590,190.72.73.251,,,,,,,
2591,222.186.16.178,,,,,,,
2592,200.125.178.32,,,,,,,
2593,59.125.247.249,,,,,,,
2594,121.128.115.50,,,,,,,
2595,60.166.8.174,,,,,,,
2596,190.78.222.178,,,,,,,
2597,88.214.25.16,,,,,,,
2598,200.26.235.169,,,,,,,
2599,109.194.27.107,,,,,,,
2600,203.252.10.3,,,,,,,
2601,45.141.202.164,,,,,,,
2602,171.25.193.80,,,,,,,
2603,23.129.64.225,,,,,,,
2604,38.242.203.135,,,,,,,
2605,185.220.101.130,,,,,,,
2606,89.147.110.202,,,,,,,
2607,51.15.116.168,,,,,,,
2608,104.244.78.162,,,,,,,
2609,23.129.64.214,,,,,,,
2610,185.129.62.63,,,,,,,
2611,117.4.186.176,,,,,,,
2612,75.138.236.228,,,,,,,
2613,157.230.160.98,,,,,,,
2614,185.233.100.23,,,,,,,
2615,185.246.188.73,,,,,,,
2616,149.56.44.47,,,,,,,
2617,46.100.5.240,,,,,,,
2618,45.141.215.21,,,,,,,
2619,152.89.233.169,,,,,,,
2620,192.42.116.23,,,,,,,
2621,80.67.167.81,,,,,,,
2622,185.56.83.83,,,,,,,
2623,192.42.116.27,,,,,,,
2624,107.189.4.209,,,,,,,
2625,103.106.154.142,,,,,,,
2626,121.145.112.221,,,,,,,
2627,185.241.208.54,,,,,,,
2628,185.7.33.146,,,,,,,
2629,209.141.59.116,,,,,,,
2630,209.141.55.26,,,,,,,
2631,185.220.103.118,,,,,,,
2632,61.216.92.193,,,,,,,
2633,116.95.38.26,,,,,,,
2634,222.186.16.214,,,,,,,
2635,2.192.128.156,,,,,,,
2636,27.72.41.165,,,,,,,
2637,125.66.243.1,,,,,,,
2638,64.92.26.194,,,,,,,
2639,165.16.44.5,,,,,,,
2640,68.35.16.210,,,,,,,
2641,186.88.0.122,,,,,,,
2642,110.42.213.157,,,,,,,
2643,82.145.157.179,,,,,,,
2644,183.237.33.162,,,,,,,
2645,190.72.80.110,,,,,,,
2646,211.243.43.30,,,,,,,
2647,190.107.71.200,,,,,,,
2648,58.18.89.146,,,,,,,
2649,50.158.152.202,,,,,,,
2650,122.187.227.82,,,,,,,
2651,41.157.32.129,,,,,,,
2652,190.107.30.117,,,,,,,
2653,113.128.13.18,,,,,,,
2654,201.242.54.252,,,,,,,
2655,211.91.181.41,,,,,,,
2656,196.0.12.210,,,,,,,
2657,41.207.248.204,,,,,,,
2658,171.212.103.245,,,,,,,
2659,190.78.217.52,,,,,,,
2660,185.120.37.4,,,,,,,
2661,186.96.97.22,,,,,,,
2662,36.33.24.191,,,,,,,
2663,182.135.63.175,,,,,,,
2664,211.169.212.206,,,,,,,
2665,185.13.182.232,,,,,,,
2666,140.84.188.140,,,,,,,
2667,124.115.217.162,,,,,,,
2668,49.249.202.89,,,,,,,
2669,124.89.116.178,,,,,,,
2670,203.135.97.95,,,,,,,
2671,61.133.211.198,,,,,,,
2672,192.72.6.4,,,,,,,
2673,80.186.144.129,,,,,,,
2674,94.45.147.115,,,,,,,
2675,65.20.165.53,,,,,,,
2676,151.51.205.77,,,,,,,
2677,138.75.204.180,,,,,,,
2678,103.141.74.109,,,,,,,
2679,182.70.113.216,,,,,,,
2680,111.70.17.169,,,,,,,
2681,101.126.12.85,,,,,,,
2682,37.112.47.11,,,,,,,
2683,118.122.38.37,,,,,,,
2684,221.7.249.42,,,,,,,
2685,208.123.119.123,,,,,,,
2686,13.215.228.73,,,,,,,
2687,54.193.91.232,,,,,,,
2688,172.96.137.159,,,,,,,
2689,204.152.203.90,,,,,,,
2690,144.208.127.119,,,,,,,
2691,192.161.48.43,,,,,,,
2692,146.70.87.197,,,,,,,
2693,45.86.230.64,,,,,,,
2694,45.56.165.17,,,,,,,
2695,23.163.0.168,,,,,,,
2696,172.96.137.249,,,,,,,
2697,173.254.204.78,,,,,,,
2698,185.56.137.117,,,,,,,
2699,52.87.206.242,,,,,,,
2700,45.66.249.118,,,,,,,
2701,96.44.157.203,,,,,,,
2702,103.20.235.122,,,,,,,
2703,44.212.9.14,,,,,,,
2704,149.154.158.154,,,,,,,
2705,146.59.102.74,,,,,,,
2706,96.44.135.76,,,,,,,
2707,85.239.52.96,,,,,,,
2708,66.85.156.83,,,,,,,
2709,198.252.98.186,,,,,,,
2710,3.236.161.7,,,,,,,
2711,13.59.168.154,,,,,,,
2712,172.245.128.35,,,,,,,
2713,216.146.25.60,,,,,,,
2714,172.86.122.183,,,,,,,
2715,185.99.133.112,,,,,,,
2716,149.154.158.214,,,,,,,
2717,104.200.72.6,,,,,,,
2718,23.163.0.228,,,,,,,
2719,194.36.177.30,,,,,,,
2720,95.140.147.126,,,,,,,
2721,78.46.66.9,,,,,,,
2722,116.203.194.247,,,,,,,
2723,206.189.109.146,,,,,,,
2724,217.145.238.175,,,,,,,
2725,164.90.185.9,,,,,,,
2726,185.216.26.127,,,,,,,
2727,94.156.6.209,,,,,,,
2728,185.217.98.121,,,,,,,
2729,185.217.98.121,,,,,,,
2730,192.99.44.107,,,,,,,
2731,52.86.18.77,,,,,,,
2732,18.218.18.183,,,,,,,
2733,192.99.196.191,,,,,,,
2734,216.250.190.139,,,,,,,
2735,24.199.110.250,,,,,,,
2736,35.166.49.216,,,,,,,
2737,5.78.68.609,,,,,,,
2738,44.228.161.50,,,,,,,
2739,162.33.178.113,,,,,,,
2740,103.226.125.218,,,,,,,
2741,106.15.66.6,,,,,,,
2742,121.63.250.132,,,,,,,
2743,18.228.80.130,,,,,,,
2744,65.20.76.112,,,,,,,
2745,47.96.78.224,,,,,,,
2746,216.39.242.18,,,,,,,
2747,129.151.109.160,,,,,,,
2748,168.138.211.8899,,,,,,,
2749,139.99.123.53,,,,,,,
2750,54.92.18.154,,,,,,,
2751,135.181.98.45,,,,,,,
2752,65.108.226.108,,,,,,,
2753,45.155.171.134,,,,,,,
2754,141.94.175.3198,,,,,,,
2755,116.202.101.219,,,,,,,
2756,129.159.134.19,,,,,,,
2757,107.161.20.142,,,,,,,
2758,3.142.76.113,,,,,,,
2759,104.184.140.41,,,,,,,
2760,205.185.123.66,,,,,,,
2761,154.31.165.232,,,,,,,
2762,139.84.231.199,,,,,,,
2763,103.244.151.46,,,,,,,
2764,52.196.241.27,,,,,,,
2765,13.112.250.213,,,,,,,
2766,189.115.63.77,,,,,,,
2767,70.34.208.197,,,,,,,
2768,140.82.33.130,,,,,,,
2769,70.34.194.185,,,,,,,
2770,139.84.232.245,,,,,,,
2771,208.85.20.130,,,,,,,
2772,139.84.229.192,,,,,,,
2773,70.34.195.221,,,,,,,
2774,217.69.1.128,,,,,,,
2775,108.181.20.36,,,,,,,
2776,108.61.189.125,,,,,,,
2777,1.116.10.227,,,,,,,
2778,1.116.102.169,,,,,,,
2779,1.116.112.190,,,,,,,
2780,1.116.119.120,,,,,,,
2781,1.116.119.183,,,,,,,
2782,1.116.123.104,,,,,,,
2783,1.116.124.178,,,,,,,
2784,1.116.125.251,,,,,,,
2785,1.116.130.98,,,,,,,
2786,1.116.132.182,,,,,,,
2787,1.116.132.251,,,,,,,
2788,1.116.133.60,,,,,,,
2789,1.116.14.250,,,,,,,
2790,1.116.14.99,,,,,,,
2791,1.116.141.23,,,,,,,
2792,1.116.144.253,,,,,,,
2793,1.116.145.184,,,,,,,
2794,1.116.146.121,,,,,,,
2795,1.116.146.179,,,,,,,
2796,1.116.148.81,,,,,,,
2797,1.116.15.105,,,,,,,
2798,1.116.156.226,,,,,,,
2799,1.116.157.97,,,,,,,
2800,1.116.158.193,,,,,,,
2801,1.116.159.72,,,,,,,
2802,1.116.160.39,,,,,,,
2803,1.116.160.60,,,,,,,
2804,1.116.161.177,,,,,,,
2805,1.116.163.166,,,,,,,
2806,1.116.168.145,,,,,,,
2807,1.116.180.233,,,,,,,
2808,1.116.180.87,,,,,,,
2809,1.116.19.113,,,,,,,
2810,1.116.2.18,,,,,,,
2811,1.116.201.110,,,,,,,
2812,1.116.207.171,,,,,,,
2813,1.116.210.59,,,,,,,
2814,1.116.217.151,,,,,,,
2815,1.116.22.103,,,,,,,
2816,1.116.22.138,,,,,,,
2817,1.116.224.60,,,,,,,
2818,1.116.246.188,,,,,,,
2819,1.116.250.188,,,,,,,
2820,45.148.123.128,,,,,,,
2821,104.152.52.211,,,,,,,
2822,118.123.105.92,,,,,,,
2823,1.10.185.8,,,,,,,
2824,1.10.186.125,,,,,,,
2825,1.10.186.129,,,,,,,
2826,1.10.186.145,,,,,,,
2827,1.10.186.157,,,,,,,
2828,1.10.186.180,,,,,,,
2829,1.10.186.214,,,,,,,
2830,1.10.186.228,,,,,,,
2831,1.10.186.43,,,,,,,
2832,1.10.187.131,,,,,,,
2833,1.10.187.201,,,,,,,
2834,1.10.187.34,,,,,,,
2835,1.10.188.5,,,,,,,
2836,1.10.188.85,,,,,,,
2837,1.10.189.100,,,,,,,
2838,1.10.189.7,,,,,,,
2839,138.201.197.13,,,,,,,
2840,155.133.5.15,,,,,,,
2841,155.133.5.14,,,,,,,
2842,118.69.65.60,,,,,,,
2843,1.162.135.205,,,,,,,
2844,1.179.183.86,,,,,,,
2845,1.186.40.2,,,,,,,
2846,104.109.244.198,,,,,,,
2847,104.114.76.194,,,,,,,
2848,104.114.76.202,,,,,,,
2849,104.119.184.252,,,,,,,
2850,104.123.153.25,,,,,,,
2851,104.123.153.33,,,,,,,
2852,104.124.10.137,,,,,,,
